"dmuiid","lmapunitiid","muiid","MLRARSYM","Count","percentmlra","pmlra","mu.total","affinity","LRU","best","ofbest","compname","coiid","areasymbol","areaname","nationalmusym","muname","tgs","majcompflag","comppct_r","taxorder","taxsubgrp","taxclname","drainagecl","slope_r","carbdepth","rockdepth","T50_frag","T50_sand","T50_silt","T50_clay","T50_OM","T50_AWC","T50_pH","T150_frag","T150_sand","T150_silt","T150_clay","T150_OM","T150_AWC","flood","humicdepth","ec","pmkind","pmorigin","landform_string","hydricrating","Bhs","Water_Table","Site","grpname"
125409,614633,614633,"139",279,0.000819953735800326,0.000819953735800326,0.00123951827307944,66.1510002400569,"139",66.1510002400569,100,"Udorthents",244757,"OH083","Knox County, Ohio","nmkw","Udorthents, loamy",17.5929613887849,TRUE,100,"entisols",NA,"Loamy, mixed, nonacid, mesic Udorthents",NA,0,250,250,NA,NA,NA,NA,NA,NA,NA,NA,NA,NA,NA,NA,NA,"none",0,NA,"till, basal","mixed",NA,"no","no",250,NA,"6-MAT Marietta, Ohio"
125416,614640,614640,"139",950,0.00279195716491151,0.00279195716491151,0.00482229242547945,57.8968863472422,"139",57.8968863472422,100,"Wooster",244766,"OH083","Knox County, Ohio","nml3","Wooster silt loam, 18 to 40 percent slopes, eroded",17.5705543339289,TRUE,90,"alfisols","typic fragiudalfs","Fine-loamy, mixed, mesic Typic Fragiudalfs","well",29,250,250,0,35.6999988555908,46.0500011444092,18.25,1.27500000596046,9.24999974668026,5.5,0,39.629999109904,40.8866675567627,19.4833333333333,0.674333336551984,21.4899996593595,"none",25,0,"till, unspecified","sandstone and siltstone","till plain & moraine & hill & hill","no","no",250,"F139XY004OH","12-IND Indianapolis, Indiana"
128003,1406558,1406558,"139",17,4.99613387405217e-05,4.99613387405217e-05,4.99613387405217e-05,100,"139",100,100,"Sleeth",248591,"OH139","Richland County, Ohio","1j6mv","Sleeth silt loam, loamy substratum, 0 to 3 percent slopes",17.6491143843707,TRUE,85,"alfisols","aeric ochraqualfs","Fine-loamy, mixed, mesic Aeric Ochraqualfs","somewhat poorly",1,152,250,0,32.1000003814697,46.6499996185303,21.25,1.25,10.249999910593,5.95000004768372,0,33.8333339691162,41.7499993642171,24.4166666666667,0.916666666666667,29.2499996721745,"none",0,0,"outwash",NA,"outwash plain & terrace","no","no",50,"F139XY002OH","12-FIN Findlay, Ohio"
165064,2216963,2216963,"139",237,0.000696519840088449,0.000696519840088449,0.000696519840088449,100,"139",100,100,"Brownsville",322943,"OH169","Wayne County, Ohio","2ddxy","Brownsville channery silt loam, 15 to 25 percent slopes",17.8163788228095,TRUE,85,"inceptisols","typic dystrochrepts","Loamy-skeletal, mixed, mesic Typic Dystrochrepts","well",20,250,107,0,30.7000007629395,56.2999992370605,13,0.784999978542328,5.59999994933605,4.64999990463257,0,31.9457949344243,55.0542050655757,13,0.582710265416965,10.9399998784065,"none",5,0,"residuum","sandstone","hill","no","no",250,"F139XY007OH","State Office OH - Region 6"
165116,1592639,1592639,"139",2154,0.00633039550865198,0.00633039550865198,0.00736732098225375,85.9253387208254,"139",85.9253387208254,100,"Orrville",323009,"OH005","Ashland County, Ohio","1qg8g","Orrville silt loam, occasionally flooded",17.6078379639106,TRUE,85,"entisols","aeric fluvaquents","Fine-loamy, mixed, nonacid, mesic Aeric Fluvaquents","somewhat poorly",1,250,250,0,23.243999786377,54.376000213623,22.38,1.56,9.04000011086464,5.94400005340576,0,35.2199998474121,44.9600001525879,19.82,0.71200000166893,21.8399999141693,"flood",18,0,"alluvium","sandstone","flood plain","no","no",50,"F139XY008OH","State Office OH - Region 6"
165117,286926,286926,"139",753,0.00221299341597722,0.00221299341597722,0.00242829627063361,91.1335837698171,"139",91.1335837698171,100,"Pits",323011,"OH075","Holmes County, Ohio","9mkp","Pits, gravel",17.8522882794358,TRUE,100,NA,NA,NA,NA,0,250,250,NA,NA,NA,NA,NA,NA,NA,NA,NA,NA,NA,NA,NA,"none",0,NA,NA,NA,NA,"unranked","no",250,NA,"State Office OH - Region 6"
165127,286936,286936,"139",1734,0.00509605655153321,0.00509605655153321,0.00973610909867915,52.3418184809018,"139",52.3418184809018,100,"Udorthents",323024,"OH075","Holmes County, Ohio","9ml0","Udorthents, loamy",17.8614336228824,TRUE,100,"entisols","typic udorthents","Loamy, mixed, mesic Typic Udorthents",NA,6,0,250,0,17.3999996185303,52.5999984741211,30,0.75,5.49999997019768,7.90000009536743,0,17.3999996185303,52.5999984741211,30,0.75,16.499999910593,"none",0,0,NA,NA,NA,"no","no",250,"F139XY003OH","State Office OH - Region 6"
165128,2216975,2216975,"139",308,0.000905181901887099,0.000905181901887099,0.000905181901887099,100,"139",100,100,"Udorthents",323025,"OH169","Wayne County, Ohio","2ddyb","Udorthents-Pits complex",17.7661381077457,TRUE,70,"entisols","typic udorthents","Loamy, mixed, mesic Typic Udorthents",NA,21,0,250,NA,NA,NA,NA,NA,NA,NA,NA,NA,NA,NA,NA,NA,"none",0,0,NA,NA,NA,"no","no",250,"F139XY003OH","State Office OH - Region 6"
165128,2216975,2216975,"139",308,0.000905181901887099,0.000905181901887099,0.000905181901887099,100,"139",100,100,"Pits",323026,"OH169","Wayne County, Ohio","2ddyb","Udorthents-Pits complex",17.7661381077457,TRUE,20,NA,NA,NA,NA,0,250,250,NA,NA,NA,NA,NA,NA,NA,NA,NA,NA,NA,NA,NA,"none",0,NA,NA,NA,NA,"unranked","no",250,NA,"State Office OH - Region 6"
165129,286938,286938,"139",1519,0.00446419256157955,0.00446419256157955,0.00849422035386574,52.5556481419497,"139",52.5556481419497,100,"Water",323027,"OH075","Holmes County, Ohio","9ml2","Water",17.697937774274,TRUE,100,NA,NA,NA,NA,0,250,250,NA,NA,NA,NA,NA,NA,NA,NA,NA,NA,NA,NA,NA,"none",0,NA,NA,NA,NA,"unranked","no",250,"Water","State Office OH - Region 6"
166171,2217031,2217031,"139",212,0.000623047283117094,0.000623047283117094,0.000623047283117094,100,"139",100,100,"Dekalb",324304,"OH169","Wayne County, Ohio","2df04","Dekalb sandy loam, 12 to 25 percent slopes, moderately eroded",18.1306804261118,TRUE,100,"inceptisols","typic dystrochrepts","Loamy-skeletal, mixed, mesic Typic Dystrochrepts","well",19,250,86,0,67.1800015258789,19.4199984741211,13.4,1.24,6.0799999833107,5,0,67.2255829212277,20.3906961485397,12.3837209302326,0.825581395348837,9.68000003695488,"none",18,0,"residuum","shale and siltstone","hill","no","no",250,"F139XY007OH","State Office OH - Region 6"
166308,288127,288127,"139",5217,0.0153322531887824,0.0153322531887824,0.0171942591467555,89.1707694871842,"139",89.1707694871842,100,"Algiers",324471,"OH005","Ashland County, Ohio","9ntf","Algiers silt loam",17.5237059366473,TRUE,85,"entisols","aquic udifluvents","Fine-loamy, mixed, nonacid, mesic Aquic Udifluvents","somewhat poorly",1,61,250,0,26.2999992370605,52.7000007629395,21,3,9.00000035762787,6.69999980926514,0,26.0793326568604,55.064000676473,18.8566666666667,1.665,27.0000010728836,"flood",61,0,"alluvium",NA,"flood plain & terrace","no","no",50,"F139XY008OH","12-FIN Findlay, Ohio"
166316,288135,288135,"139",7857,0.0230909552049576,0.0230909552049576,0.0371549904632129,62.1476547755271,"139",62.1476547755271,100,"Bogart",324480,"OH005","Ashland County, Ohio","9ntp","Bogart silt loam, 2 to 6 percent slopes",17.5725028736719,TRUE,100,"alfisols","aquic hapludalfs","Fine-loamy, mixed, mesic Aquic Hapludalfs","moderately well",4,127,250,0,34.4499988555908,45.8000011444092,19.75,1.625,8.24999995529652,5.5,0,54.9293325551351,26.6673338190715,18.4033333333333,0.794666664699713,20.1800000183284,"none",25,0,"outwash",NA,"terrace","no","no",100,"F139XY002OH","12-FIN Findlay, Ohio"
166334,288153,288153,"139",3450,0.010139212862047,0.010139212862047,0.0103064589061764,98.3772695777296,"139",98.3772695777296,100,"Conotton Variant",324503,"OH005","Ashland County, Ohio","9nv8","Conotton Variant gravelly loam, 10 to 20 percent slopes",17.4585957608354,TRUE,90,"alfisols","typic hapludalfs","Loamy-skeletal, mixed, mesic Typic Hapludalfs","well",15,112,250,0,44.8799995422363,41.9200004577637,13.2,1.15,5.59999994933605,6.80000019073486,0,56.2773328653971,32.1426671346029,11.58,0.769333336353302,14.4600000530481,"none",0,0,"outwash",NA,"terrace","no","no",250,"F139XY003OH","12-FIN Findlay, Ohio"
166347,288166,288166,"139",7554,0.0222004678144648,0.0222004678144648,0.0261809236647425,84.7963505747576,"139",84.7963505747576,100,"Killbuck",324516,"OH005","Ashland County, Ohio","9nvp","Killbuck silt loam",17.5793836408221,TRUE,100,"entisols","typic fluvaquents","Fine-silty, mixed, nonacid, mesic Typic Fluvaquents","poorly",1,76,250,0,9.14999985694885,68.3499984741211,22.5,1.875,9.00000035762787,6.5,0,7.86799989064535,62.3386658986409,29.7933333333333,0.795333335796992,26.0200001746416,"flood",25,0,"alluvium",NA,"flood plain","yes","no",25,"F139XY009OH","12-FIN Findlay, Ohio"
166348,288167,288167,"139",1218,0.00357958297564444,0.00357958297564444,0.00478375449337553,74.8278988940881,"139",74.8278988940881,100,"Linwood",324517,"OH005","Ashland County, Ohio","9nvq","Linwood muck",17.603985170793,TRUE,100,"histosols","terric medisaprists","Loamy, mixed, euic, mesic Terric Medisaprists","very poorly",1,66,250,0,0,0,0,55,20.0000002980232,6.19999980926514,0,14.84,29.96,11.2,24.34,41.5200009942055,"flood",66,0,"organic, unspecified & till, unspecified",NA,"depression","yes","no",0,"F139XY009OH","12-FIN Findlay, Ohio"
166368,288187,288187,"139",1611,0.00473457157123414,0.00473457157123414,0.00501331497811634,94.4399382823752,"139",94.4399382823752,100,"Pits",324537,"OH005","Ashland County, Ohio","9nwc","Pits, gravel",17.4441124232882,TRUE,100,NA,NA,NA,NA,0,250,250,NA,NA,NA,NA,NA,NA,NA,NA,NA,NA,NA,NA,NA,"none",0,NA,NA,NA,NA,"unranked","no",250,NA,"12-FIN Findlay, Ohio"
166383,288202,288202,"139",1302,0.00382645076706819,0.00382645076706819,0.00382645076706819,100,"139",100,100,"Urban land",324552,"OH005","Ashland County, Ohio","9nwv","Urban land",17.6676768231136,TRUE,100,NA,NA,NA,NA,0,250,250,NA,NA,NA,NA,NA,NA,NA,NA,NA,NA,NA,NA,NA,"none",0,NA,NA,NA,NA,"unranked","no",250,NA,"12-FIN Findlay, Ohio"
166387,288206,288206,"139",1054,0.00309760300191234,0.00309760300191234,0.0051603042128406,60.0275269470441,"139",60.0275269470441,100,"Wallkill",324556,"OH005","Ashland County, Ohio","9nwz","Wallkill silt loam",17.5571957727514,TRUE,100,"entisols","thapto-histic fluvaquents","Fine-loamy, mixed, nonacid, mesic Thapto-Histic Fluvaquents","very poorly",1,250,250,0,26.6199996948242,53.3800010681152,20,3.65,9.20000016689301,6.5,0,9.9253332010905,19.9013337198893,7.50666666666667,48.2466666666667,30.0199995934963,"flood",20,0,"alluvium & organic, herbaceous material",NA,"flood plain","yes","no",0,"F139XY009OH","12-FIN Findlay, Ohio"
166388,288207,288207,"139",3241,0.00952498228576651,0.00952498228576651,0.0133737502082995,71.2214759316762,"139",71.2214759316762,100,"Wheeling",324557,"OH005","Ashland County, Ohio","9nx0","Wheeling silt loam, 0 to 2 percent slopes",17.4392433616225,TRUE,100,"alfisols","ultic hapludalfs","Fine-loamy, mixed, mesic Ultic Hapludalfs","well",1,250,250,0,49.7340019989014,33.1859980010986,17.08,1.055,6.15000017732382,5.59999990463257,0,63.2953356679281,19.7913309987386,16.9133333333333,0.518333333333333,15.4300002753735,"none",23,0,"outwash",NA,"terrace","no","no",250,"F139XY005OH","12-FIN Findlay, Ohio"
166389,288208,288208,"139",19653,0.0577582464863219,0.0577582464863219,0.0655378611686105,88.1295871675247,"139",88.1295871675247,100,"Wheeling",324558,"OH005","Ashland County, Ohio","9nx1","Wheeling silt loam, 2 to 6 percent slopes",17.5054643226952,TRUE,100,"alfisols","ultic hapludalfs","Fine-loamy, mixed, mesic Ultic Hapludalfs","well",4,250,250,0,49.7340019989014,33.1859980010986,17.08,1.055,6.15000017732382,5.59999990463257,0,63.2953356679281,19.7913309987386,16.9133333333333,0.518333333333333,15.4300002753735,"none",23,0,"outwash",NA,"terrace","no","no",250,"F139XY005OH","12-FIN Findlay, Ohio"
166390,288209,288209,"139",2719,0.00799087529620461,0.00799087529620461,0.0109723198219686,72.8275827341944,"139",72.8275827341944,100,"Wheeling",324559,"OH005","Ashland County, Ohio","9nx2","Wheeling silt loam, 6 to 12 percent slopes",17.5077762321972,TRUE,100,"alfisols","ultic hapludalfs","Fine-loamy, mixed, mesic Ultic Hapludalfs","well",8,250,250,0,49.7340019989014,33.1859980010986,17.08,1.055,6.69000006467104,5.59999990463257,0,63.2953356679281,19.7913309987386,16.9133333333333,0.518333333333333,17.60999982059,"none",23,0,"outwash",NA,"terrace","no","no",250,"F139XY005OH","12-FIN Findlay, Ohio"
167448,289267,289267,"139",443,0.00130193370953242,0.00130193370953242,0.00131416818097542,99.0690330491856,"139",99.0690330491856,100,"Ernest variant",326674,"NY605","Seneca Nation of Indians, New York","9q06","Ernest variant silt loam, 3 to 8 percent slopes",15.3709041675813,TRUE,80,"ultisols","aquic hapludults","AQUIC HAPLUDULTS, FINE-LOAMY, MIXED, MESIC","moderately well",6,250,250,0,26.05,51.95,22,1.65,9.10000033676624,5,0,28.10666624705,43.2933333333333,28.6,0.89,24.1300009340048,"none",5,0,"colluvium",NA,"hill","no","no",100,"F139XY006OH","State Office NY - Region 6"
167450,289269,289269,"139",971,0.00285367411276744,0.00285367411276744,0.00463154830852788,61.6138259318831,"139",61.6138259318831,100,"Ernest variant",326676,"NY605","Seneca Nation of Indians, New York","9q08","Ernest variant silt loam, 15 to 25 percent slopes",15.384410104844,TRUE,75,"ultisols","aquic hapludults","AQUIC HAPLUDULTS, FINE-LOAMY, MIXED, MESIC","moderately well",20,250,250,0,26.05,51.95,22,1.65,9.10000033676624,5,0,28.10666624705,43.2933333333333,28.6,0.89,24.1300009340048,"none",5,0,"colluvium",NA,"hill","no","no",100,"F139XY006OH","State Office NY - Region 6"
167457,289276,289276,"139",136,0.000399690709924173,0.000399690709924173,0.00072270026691958,55.3051836590299,"139",55.3051836590299,100,"Gilpin",326684,"NY605","Seneca Nation of Indians, New York","9q0h","Gilpin shaly silt loam, 8 to 15 percent slopes",15.1699402797513,TRUE,80,"ultisols","typic hapludults","TYPIC HAPLUDULTS, FINE-LOAMY, MIXED, MESIC","well",12,250,66,0,26.1199996948242,51.8800003051758,22,1.2,7.19999983906746,4.59999990463257,0,26.0909088597153,51.9090911402847,22,1.03030303030303,9.11999979615211,"none",20,0,"residuum","sandstone","hill","no","no",250,"F139XY007OH","State Office NY - Region 6"
167890,289737,289737,"139",357,0.00104918811355096,0.00104918811355096,0.00177922836300318,58.9687156166969,"139",58.9687156166969,100,"Ivory",328554,"NY009","Cattaraugus County, New York","9qhc","Ivory silt loam, 0 to 3 percent slopes",14.5777738842607,TRUE,85,"ultisols","aeric endoaquults","Fine, mixed, subactive, frigid Aeric Endoaquults","somewhat poorly",2,250,250,0,18.5540000534058,51.606000213623,29.84,1.85,7.19999995082617,4.80000019073486,0,12.200666847229,46.9460007222494,40.8533333333333,0.95,18.6399997994304,"none",15,0,"residuum",NA,"hill","no","no",50,"F139XY006OH","State Office NY - Region 6"
167891,818248,818248,"139",114,0.000335034859789381,0.000335034859789381,0.000335034859789381,100,"139",100,100,"Ivory",373026,"PA609","Warren and Forest Counties, Pennsylvania","wgg3","Ivory silt loam, 3 to 8 percent slopes",14.7077043265627,TRUE,85,"ultisols","aeric endoaquults","Fine, mixed, subactive, frigid Aeric Endoaquults","somewhat poorly",6,250,250,0,18.5540000534058,51.606000213623,29.84,1.85,7.19999995082617,4.80000019073486,0,12.200666847229,46.9460007222494,40.8533333333333,0.95,18.6399997994304,"none",15,0,"residuum",NA,"hill","no","no",50,"F139XY006OH","State Office NY - Region 6"
167891,289738,289738,"139",1408,0.00413797440862674,0.00413797440862674,0.00969687269241501,42.6732879752407,"139",42.6732879752407,100,"Ivory",373026,"NY009","Cattaraugus County, New York","9qhd","Ivory silt loam, 3 to 8 percent slopes",14.617120732373,TRUE,85,"ultisols","aeric endoaquults","Fine, mixed, subactive, frigid Aeric Endoaquults","somewhat poorly",6,250,250,0,18.5540000534058,51.606000213623,29.84,1.85,7.19999995082617,4.80000019073486,0,12.200666847229,46.9460007222494,40.8533333333333,0.95,18.6399997994304,"none",15,0,"residuum",NA,"hill","no","no",50,"F139XY006OH","State Office NY - Region 6"
167905,818345,818345,"139",31,9.11059706444807e-05,9.11059706444807e-05,9.11059706444807e-05,100,"139",100,100,"Carrollton",373073,"PA609","Warren and Forest Counties, Pennsylvania","wgk7","Carrollton channery silt loam, 8 to 15 percent slopes",14.7573619042673,TRUE,80,"ultisols","typic hapludults","Fine-loamy, mixed, active, frigid Typic Hapludults","well",12,250,76,0,26.0299999237061,51.9700000762939,22,0.95,7.65000030398369,5.30000019073486,0,26.0197367919119,51.9802632080881,22,0.796052631578947,11.5500004589558,"none",5,0,"residuum",NA,"hill","no","no",250,"F139XY007OH","State Office NY - Region 6"
167906,818346,818346,"139",407,0.00119613322749367,0.00119613322749367,0.00119613322749367,100,"139",100,100,"Carrollton",373078,"PA609","Warren and Forest Counties, Pennsylvania","wgk8","Carrollton channery silt loam, 15 to 25 percent slopes",14.7489960832151,TRUE,80,"ultisols","typic hapludults","Fine-loamy, mixed, active, frigid Typic Hapludults","well",20,250,76,0,26.0299999237061,51.9700000762939,22,0.95,7.65000030398369,5.30000019073486,0,26.0197367919119,51.9802632080881,22,0.796052631578947,11.5500004589558,"none",5,0,"residuum",NA,"hill","no","no",250,"F139XY007OH","State Office NY - Region 6"
167909,289757,289757,"139",1295,0.00380587845111621,0.00380587845111621,0.0048467237796552,78.5247648543934,"139",78.5247648543934,100,"Kinzua",328635,"NY009","Cattaraugus County, New York","9qj0","Kinzua channery silt loam, 3 to 8 percent slopes",14.7392504609361,TRUE,85,"ultisols","typic hapludults","Fine-loamy, mixed, active, frigid Typic Hapludults","well",6,250,250,0,26.1760000610352,51.8240002441406,22,1.22,6.13999995589256,5.30000019073486,0,26.0586666870117,51.9413334147135,22,0.74,17.8599997460842,"none",8,0,"residuum & colluvium",NA,"hill","no","no",250,"F139XY006OH","State Office NY - Region 6"
167910,289758,289758,"139",6067,0.0178303201258085,0.0178303201258085,0.0223523321993945,79.7693948298224,"139",79.7693948298224,100,"Kinzua",373093,"NY009","Cattaraugus County, New York","9qj1","Kinzua channery silt loam, 8 to 15 percent slopes",14.7847788981526,TRUE,85,"ultisols","typic hapludults","Fine-loamy, mixed, active, frigid Typic Hapludults","well",12,250,250,0,26.1760000610352,51.8240002441406,22,1.22,6.13999995589256,5.30000019073486,0,26.0586666870117,51.9413334147135,22,0.74,17.8599997460842,"none",8,0,"residuum & colluvium",NA,"hill","no","no",250,"F139XY006OH","State Office NY - Region 6"
167911,289759,289759,"139",6095,0.0179126093896164,0.0179126093896164,0.0402517050438811,44.5014922227237,"139",44.5014922227237,100,"Kinzua",373101,"NY009","Cattaraugus County, New York","9qj2","Kinzua channery silt loam, 15 to 25 percent slopes",14.7817689514949,TRUE,85,"ultisols","typic hapludults","Fine-loamy, mixed, active, frigid Typic Hapludults","well",20,250,250,0,26.1760000610352,51.8240002441406,22,1.22,6.13999995589256,5.30000019073486,0,26.0586666870117,51.9413334147135,22,0.74,17.8599997460842,"none",8,0,"residuum & colluvium",NA,"hill","no","no",250,"F139XY006OH","State Office NY - Region 6"
167934,818343,818343,"139",712,0.0020924984225442,0.0020924984225442,0.0020924984225442,100,"139",100,100,"Onoville",373434,"PA609","Warren and Forest Counties, Pennsylvania","wgk5","Onoville silt loam, 15 to 25 percent slopes, extremely bouldery",14.729782608118,TRUE,85,"ultisols","aquic fragiudults","Fine-loamy, mixed, subactive, frigid Aquic Fragiudults","moderately well",20,250,250,0,17.2799995422363,57.7200004577637,25,2.3,8.79999995231628,5,0,28.3199993387858,42.2133339945475,29.4666666666667,1.1,9.75999993085861,"none",20,0,"residuum & colluvium",NA,"hill","no","no",100,"F139XY006OH","State Office NY - Region 6"
167946,289619,289619,"139",5823,0.0171132279697681,0.0171132279697681,0.02834894197459,60.3663727031055,"139",60.3663727031055,100,"Rayne",328759,"NY009","Cattaraugus County, New York","9qck","Rayne channery silt loam, 15 to 25 percent slopes",15.0691976745268,TRUE,80,"ultisols","typic hapludults","Fine-loamy, mixed, active, mesic Typic Hapludults","well",20,250,250,0,21.1800006866455,53.6199996948242,25.2,1,7.00000002980232,5.30000019073486,0,22.4193338012695,53.260666325887,24.32,0.666666666666667,20.4699998050928,"none",10,0,"residuum",NA,"hill","no","no",250,"F139XY006OH","State Office NY - Region 6"
167970,289789,289789,"139",531,0.00156055711007159,0.00156055711007159,0.00156055711007159,100,"139",100,100,"Carrollton",328863,"NY013","Chautauqua County, New York","9qk1","Carrollton channery silt loam, 8 to 15 percent slopes",14.729181205261,TRUE,85,"alfisols","eutric glossoboralfs","Fine-loamy, mixed, frigid Eutric Glossoboralfs","well",12,250,69,0,26.2599998474121,52.5400001525879,21.2,1.8,7.30000004172325,5,0,26.1884056865305,52.391304458397,21.4202898550725,1.57971014492754,9.96000005304813,"none",10,0,"residuum",NA,"hill","no","no",250,"F139XY007OH","State Office NY - Region 6"
167971,289790,289790,"139",561,0.00164872417843722,0.00164872417843722,0.00164872417843722,100,"139",100,100,"Carrollton",328868,"NY013","Chautauqua County, New York","9qk2","Carrollton channery silt loam, 15 to 25 percent slopes",14.7828560096482,TRUE,90,"alfisols","eutric glossoboralfs","Fine-loamy, mixed, frigid Eutric Glossoboralfs","well",20,250,69,0,26.2599998474121,52.5400001525879,21.2,1.8,7.30000004172325,5,0,26.1884056865305,52.391304458397,21.4202898550725,1.57971014492754,9.96000005304813,"none",10,0,"residuum",NA,"hill","no","no",250,"F139XY007OH","State Office NY - Region 6"
168013,289832,289832,"139",1718,0.00504903411507154,0.00504903411507154,0.00504903411507154,100,"139",100,100,"Frewsburg",329080,"NY013","Chautauqua County, New York","9qlf","Frewsburg silt loam, 3 to 8 percent slopes",14.7457650304535,TRUE,80,"alfisols","aeric ochraqualfs","Fine-loamy, mixed, frigid Aeric Ochraqualfs","somewhat poorly",5,250,97,0,27.2319998931885,49.3680001068115,23.4,2.69,8.25999984890223,5,0,30.8989686474358,41.5340210432859,27.5670103092784,1.87113402061856,13.8999997228384,"none",18,0,"residuum",NA,"hill","no","no",50,"F139XY006OH","State Office NY - Region 6"
168014,289833,289833,"139",1140,0.00335034859789381,0.00335034859789381,0.00335034859789381,100,"139",100,100,"Frewsburg",329085,"NY013","Chautauqua County, New York","9qlg","Frewsburg silt loam, 8 to 15 percent slopes",14.7490068268358,TRUE,80,"alfisols","aeric ochraqualfs","Fine-loamy, mixed, frigid Aeric Ochraqualfs","somewhat poorly",12,250,97,0,27.2319998931885,49.3680001068115,23.4,2.69,8.25999984890223,5,0,30.8989686474358,41.5340210432859,27.5670103092784,1.87113402061856,13.8999997228384,"none",18,0,"residuum",NA,"hill","no","no",50,"F139XY006OH","State Office NY - Region 6"
168027,289846,289846,"139",621,0.00182505831516847,0.00182505831516847,0.00182505831516847,100,"139",100,100,"Ivory",329155,"NY013","Chautauqua County, New York","9qlw","Ivory silty clay loam, 3 to 8 percent slopes",14.7158066692752,TRUE,85,"alfisols","aeric ochraqualfs","Fine, mixed, frigid Aeric Ochraqualfs","somewhat poorly",6,250,183,0,15.4080003356934,44.4720013427734,40.12,2.29,7.03999993950129,5.30000019073486,0,14.0780003166199,44.5020012664795,41.42,1.22666666666667,17.8199999257922,"none",13,0,"residuum",NA,"hill","no","no",50,"F139XY006OH","State Office NY - Region 6"
168028,289847,289847,"139",508,0.00149296235765794,0.00149296235765794,0.00149296235765794,100,"139",100,100,"Kinzua",329161,"NY013","Chautauqua County, New York","9qlx","Kinzua channery silt loam, 25 to 45 percent slopes",14.748289949312,TRUE,80,"alfisols","eutric glossoboralfs","Fine-loamy, mixed, frigid Eutric Glossoboralfs","well",35,250,250,0,26.2079998779297,52.4320001220703,21.36,1.22,6.13999995589256,5,0,26.2126666259766,52.5740000406901,21.2133333333333,0.74,17.9999997168779,"none",8,0,"residuum & colluvium",NA,"hill","no","no",250,"F139XY006OH","State Office NY - Region 6"
168039,289858,289858,"139",649,0.00190734757897639,0.00190734757897639,0.00190734757897639,100,"139",100,100,"Onoville",329217,"NY013","Chautauqua County, New York","9qm8","Onoville silt loam, 10 to 25 percent slopes",14.7686305920405,TRUE,80,"alfisols","aquic fragiboralfs","Fine-loamy, mixed, frigid Aquic Fragiboralfs","moderately well",18,250,250,0,26.1299999237061,52.2700000762939,21.6,1.71,7.70999990403652,5,0,26.5026663716634,53.0440002950033,20.4533333333333,0.903333333333333,17.7700000405312,"none",5,0,"residuum & colluvium",NA,"hill","no","no",100,"F139XY006OH","State Office NY - Region 6"
174429,296239,296239,"139",1602,0.00470812145072445,0.00470812145072445,0.00470812145072445,100,"139",100,100,"Pits",362884,"PA085","Mercer County, Pennsylvania","9y83","Gravel pit",17.0074632754189,TRUE,100,NA,NA,NA,NA,0,250,250,NA,NA,NA,NA,NA,NA,NA,NA,NA,NA,NA,NA,NA,"none",0,NA,NA,NA,NA,"unranked","no",250,NA,"State Office PA - Region 6"
174429,886379,886379,"139",1779,0.00522830715408165,0.00522830715408165,0.00522830715408165,100,"139",100,100,"Pits",362884,"PA039","Crawford County, Pennsylvania","yrbw","Gravel pits",16.5216345795089,TRUE,100,NA,NA,NA,NA,0,250,250,NA,NA,NA,NA,NA,NA,NA,NA,NA,NA,NA,NA,NA,"none",0,NA,NA,NA,NA,"unranked","no",250,NA,"State Office PA - Region 6"
174429,2633097,2545947,"139",2820,0.00828770442636889,0.00828770442636889,0.00878293284821157,94.3614686528826,"139",94.3614686528826,100,"Pits",362884,"PA049","Erie County, Pennsylvania","2rg8b","Pits, gravel",16.5202345316833,TRUE,100,NA,NA,NA,NA,0,250,250,NA,NA,NA,NA,NA,NA,NA,NA,NA,NA,NA,NA,NA,"none",0,NA,NA,NA,NA,"unranked","no",250,NA,"State Office PA - Region 6"
175431,538920,538920,"139",361,0.00106094372266637,0.00106094372266637,0.00119459889640263,88.8117112665398,"139",88.8117112665398,100,"Pits",365317,"PA121","Venango County, Pennsylvania","l2sj","Gravel pits",16.4953782405536,TRUE,49,NA,NA,NA,"excessively",20,250,250,NA,NA,NA,NA,NA,NA,NA,NA,NA,NA,NA,NA,NA,"none",0,NA,NA,NA,NA,"no","no",250,NA,"State Office PA - Region 6"
175431,538920,538920,"139",361,0.00106094372266637,0.00106094372266637,0.00119459889640263,88.8117112665398,"139",88.8117112665398,100,"Pits",365316,"PA121","Venango County, Pennsylvania","l2sj","Gravel pits",16.4953782405536,TRUE,51,NA,NA,NA,"excessively",20,250,2,NA,NA,NA,NA,NA,NA,NA,NA,NA,NA,NA,NA,NA,"none",0,0,NA,NA,NA,"no","no",250,"F139XY007OH","State Office PA - Region 6"
176939,1652189,1652189,"139",37,0.000108739384317606,0.000108739384317606,0.000108739384317606,100,"139",100,100,"Fairpoint",367609,"OH099","Mahoning County, Ohio","1sg7f","Fairpoint silty clay loam, 0 to 8 percent slopes",17.4026420696362,TRUE,90,"entisols","typic udorthents","Loamy-skeletal, mixed, active, nonacid, mesic Typic Udorthents","well",4,250,250,0,17.4399997711182,51.1599990844727,31.4,0.590000003576279,5.10000012814999,6.5,0,17.4133330027262,52.1199986775716,30.4666666666667,0.296666671832403,12.1000001579523,"none",0,0,"mine spoil, coal extraction","interbedded sedimentary","hill","no","no",250,"F139XY003OH","State Office OH - Region 6"
176966,1652193,1652193,"139",73,0.000214539866356358,0.000214539866356358,0.000214539866356358,100,"139",100,100,"Hazleton",367677,"OH099","Mahoning County, Ohio","1sg7k","Hazleton channery loam, 15 to 25 percent slopes",17.3893710097221,TRUE,85,"inceptisols","typic dystrudepts","Loamy-skeletal, mixed, active, mesic Typic Dystrudepts","well",20,250,147,0,64.3480014038086,23.1519985961914,12.5,0.69,5.1600000411272,4.59999990463257,0,69.6551028400862,18.4061212215294,11.9387755102041,0.399659863945578,14.5300002545118,"none",8,0,"residuum","sandstone, unspecified","hill","no","no",250,"F139XY007OH","State Office OH - Region 6"
176967,1652194,1652194,"139",181,0.000531941312472613,0.000531941312472613,0.000531941312472613,100,"139",100,100,"Hazleton",367680,"OH099","Mahoning County, Ohio","1sg7l","Hazleton channery loam, 25 to 40 percent slopes",17.3570992169459,TRUE,90,"inceptisols","typic dystrudepts","Loamy-skeletal, mixed, active, mesic Typic Dystrudepts","well",32.5,250,122,0,59.9080012512207,27.5919987487793,12.5,1.24,5.35999999940395,4.59999990463257,0,64.5016407575764,23.305736291604,12.1926229508197,0.655737704918033,12.4100001379848,"none",18,0,"residuum","sandstone, unspecified","hill","no","no",250,"F139XY007OH","State Office OH - Region 6"
176968,298791,298791,"139",5863,0.0172307840609223,0.0172307840609223,0.027932440054548,61.6873571634739,"139",61.6873571634739,100,"Hazleton",367682,"OH029","Columbiana County, Ohio","b0xf","Hazleton-Rock outcrop complex, 40 to 70 percent slopes",17.971314313916,TRUE,65,"inceptisols","typic dystrudepts","Loamy-skeletal, mixed, active, mesic Typic Dystrudepts","well",55,250,112,0,45.7000007629395,41.7999992370605,12.5,0.69,5.1600000411272,4.59999990463257,0,49.6750009059906,38.2937490940094,12.03125,0.446428571428571,11.1500001773238,"none",8,0,"residuum","sandstone, unspecified","hill","no","no",250,"F139XY007OH","State Office OH - Region 6"
176968,298791,298791,"139",5863,0.0172307840609223,0.0172307840609223,0.027932440054548,61.6873571634739,"139",61.6873571634739,100,"Rock outcrop",367683,"OH029","Columbiana County, Ohio","b0xf","Hazleton-Rock outcrop complex, 40 to 70 percent slopes",17.971314313916,TRUE,25,NA,NA,NA,NA,0,250,250,NA,NA,NA,NA,NA,NA,NA,NA,NA,NA,NA,NA,NA,"none",0,NA,NA,NA,"hill","no","no",250,"F139XY007OH","State Office OH - Region 6"
177004,298827,298827,"139",2392,0.00702985425101929,0.00702985425101929,0.00868326976305999,80.958607101272,"139",80.958607101272,100,"Udorthents",367752,"OH029","Columbiana County, Ohio","b0yl","Udorthents, loamy, 2 to 25 percent slopes",17.739465495409,TRUE,85,"entisols",NA,"Udorthents","somewhat excessively",13.5,10,250,0,42.0999984741211,37.9000015258789,20,0.5,4.70000013709068,5.47999992370606,0,42.0999984741211,37.9000015258789,20,0.166666666666667,13.7000004947186,"none",10,0,NA,NA,"hill & terrace & till plain","unranked","no",250,"F139XY003OH","State Office OH - Region 6"
177006,298829,298829,"139",3890,0.0114323298647429,0.0114323298647429,0.0213307405929198,53.5955599616526,"139",53.5955599616526,100,"Pits",367755,"OH029","Columbiana County, Ohio","b0yn","Udorthents-Pits complex, 0 to 70 percent slopes",17.8330768321911,TRUE,30,NA,NA,NA,NA,0,250,250,NA,NA,NA,NA,NA,NA,NA,NA,NA,NA,NA,NA,NA,"none",0,NA,NA,NA,"hill & moraine & terrace","unranked","no",250,NA,"State Office OH - Region 6"
177006,1652206,1652206,"139",381,0.00111972176824346,0.00111972176824346,0.00111972176824346,100,"139",100,100,"Pits",367755,"OH099","Mahoning County, Ohio","1sg7z","Udorthents-Pits complex, 0 to 70 percent slopes",17.3861341401348,TRUE,30,NA,NA,NA,NA,0,250,250,NA,NA,NA,NA,NA,NA,NA,NA,NA,NA,NA,NA,NA,"none",0,NA,NA,NA,"hill & moraine & terrace","unranked","no",250,NA,"State Office OH - Region 6"
177006,1652206,1652206,"139",381,0.00111972176824346,0.00111972176824346,0.00111972176824346,100,"139",100,100,"Udorthents",367754,"OH099","Mahoning County, Ohio","1sg7z","Udorthents-Pits complex, 0 to 70 percent slopes",17.3861341401348,TRUE,60,"entisols",NA,"Udorthents","somewhat excessively",35,10,250,0,47.1599990844727,34.2400009155273,18.6,0.5,4.70000013709068,5.47999992370606,0,43.7866653442383,36.6800013224284,19.5333333333333,0.166666666666667,13.7000004947186,"none",10,0,NA,NA,"till plain & terrace & hill","unranked","no",250,"F139XY003OH","State Office OH - Region 6"
177006,298829,298829,"139",3890,0.0114323298647429,0.0114323298647429,0.0213307405929198,53.5955599616526,"139",53.5955599616526,100,"Udorthents",367754,"OH029","Columbiana County, Ohio","b0yn","Udorthents-Pits complex, 0 to 70 percent slopes",17.8330768321911,TRUE,60,"entisols",NA,"Udorthents","somewhat excessively",35,10,250,0,47.1599990844727,34.2400009155273,18.6,0.5,4.70000013709068,5.47999992370606,0,43.7866653442383,36.6800013224284,19.5333333333333,0.166666666666667,13.7000004947186,"none",10,0,NA,NA,"till plain & terrace & hill","unranked","no",250,"F139XY003OH","State Office OH - Region 6"
177012,298835,298835,"139",3106,0.00912823047812119,0.00912823047812119,0.0166500289260526,54.8241118298485,"139",54.8241118298485,100,"Urban land",367773,"OH029","Columbiana County, Ohio","b0yv","Urban land, 0 to 15 percent slopes",17.9074498675246,TRUE,90,NA,NA,NA,NA,7.5,250,250,NA,NA,NA,NA,NA,NA,NA,NA,NA,NA,NA,NA,NA,"none",0,NA,NA,NA,"till plain & terrace & hill","unranked","no",250,NA,"State Office OH - Region 6"
178576,289732,289732,"139",4038,0.0118672874020133,0.0118672874020133,0.0178336581343271,66.5443248526257,"139",66.5443248526257,100,"Eldred",373009,"NY009","Cattaraugus County, New York","9qh6","Eldred silt loam, 8 to 15 percent slopes",14.737144529388,TRUE,85,"ultisols","aquic hapludults","Fine-loamy, mixed, semiactive, frigid Aquic Hapludults","moderately well",12,250,250,0,19.2759996795654,50.3239987182617,30.4,0.82,6.76000009477138,5.30000019073486,0,18.358666305542,50.174665222168,31.4666666666667,0.606666666666667,16.760000243783,"none",8,0,"residuum",NA,"hill","no","no",100,"F139XY006OH","State Office NY - Region 6"
178577,289733,289733,"139",3523,0.0103537527284034,0.0103537527284034,0.0182262707137006,56.8067537843634,"139",56.8067537843634,100,"Eldred",373014,"NY009","Cattaraugus County, New York","9qh7","Eldred silt loam, 15 to 25 percent slopes",14.7976915668277,TRUE,85,"ultisols","aquic hapludults","Fine-loamy, mixed, semiactive, frigid Aquic Hapludults","moderately well",20,250,250,0,19.2759996795654,50.3239987182617,30.4,0.82,6.76000009477138,5.30000019073486,0,18.358666305542,50.174665222168,31.4666666666667,0.606666666666667,16.760000243783,"none",8,0,"residuum",NA,"hill","no","no",100,"F139XY006OH","State Office NY - Region 6"
178623,318164,318164,"139",37,0.000108739384317606,0.000108739384317606,0.000108739384317606,100,"139",100,100,"Ivory",373036,"NY009","Cattaraugus County, New York","bp2c","Ivory silt loam, 15 to 25 percent slopes",15.2770979082262,TRUE,85,"ultisols","aeric endoaquults","Fine, mixed, subactive, frigid Aeric Endoaquults","somewhat poorly",20,250,250,0,18.5540000534058,51.606000213623,29.84,1.85,7.19999995082617,4.80000019073486,0,12.200666847229,46.9460007222494,40.8533333333333,0.95,18.6399997994304,"none",15,0,"residuum",NA,"hill","no","no",50,"F139XY006OH","State Office NY - Region 6"
178642,818347,818347,"139",127,0.000373240589414485,0.000373240589414485,0.000373240589414485,100,"139",100,100,"Elko",372581,"PA609","Warren and Forest Counties, Pennsylvania","wgk9","Elko silt loam, 8 to 15 percent slopes",14.6263668856283,TRUE,85,"ultisols","aquic fragiudults","Fine-loamy, mixed, semiactive, frigid Aquic Fragiudults","moderately well",12,250,250,0,26.15,51.85,22,1.85,7.60000012814999,4.40000009536743,0,34.5059991455078,43.4940008544922,22,0.95,9.84000013768673,"none",15,0,"residuum",NA,"hill","no","no",100,"F139XY006OH","State Office NY - Region 6"
178646,318233,318233,"139",225,0.000661253012742199,0.000661253012742199,0.000661253012742199,100,"139",100,100,"Cavode",372724,"NY009","Cattaraugus County, New York","bp4l","Cavode silt loam, 3 to 8 percent slopes",15.3323307418823,TRUE,85,"ultisols","aeric endoaquults","Fine, mixed, active, mesic Aeric Endoaquults","somewhat poorly",6,250,172,0,18.1519997787476,50.5680004882812,31.28,2.12,7.43999996781349,4.59999990463257,0,12.9533334350586,46.5800008646647,40.4666666666667,1.04,18.6799998581409,"none",18,0,"residuum","claystone","hill","no","no",50,"F139XY006OH","State Office NY - Region 6"
178647,318234,318234,"139",396,0.00116380530242627,0.00116380530242627,0.00116380530242627,100,"139",100,100,"Cavode",373455,"NY009","Cattaraugus County, New York","bp4m","Cavode silt loam, 8 to 15 percent slopes",15.1681375888863,TRUE,85,"ultisols","aeric endoaquults","Fine, mixed, active, mesic Aeric Endoaquults","somewhat poorly",12,250,172,0,18.1519997787476,50.5680004882812,31.28,2.12,7.43999996781349,4.59999990463257,0,12.9533334350586,46.5800008646647,40.4666666666667,1.04,18.6799998581409,"none",18,0,"residuum","claystone","hill","no","no",50,"F139XY006OH","State Office NY - Region 6"
178648,318232,318232,"139",929,0.00273024021705557,0.00273024021705557,0.00310338577238143,87.9761788351719,"139",87.9761788351719,100,"Cavode",373460,"NY009","Cattaraugus County, New York","bp4k","Cavode silt loam, 15 to 25 percent slopes",15.1830930600511,TRUE,85,"ultisols","aeric endoaquults","Fine, mixed, active, mesic Aeric Endoaquults","somewhat poorly",20,250,172,0,18.1519997787476,50.5680004882812,31.28,2.12,7.43999996781349,4.59999990463257,0,12.9533334350586,46.5800008646647,40.4666666666667,1.04,18.6799998581409,"none",18,0,"residuum","claystone","hill","no","no",50,"F139XY006OH","State Office NY - Region 6"
360853,538201,538201,"139",1676,0.00492560021935967,0.00492560021935967,0.0053703478150814,91.7184582631173,"139",91.7184582631173,100,"Pits",777040,"PA019","Butler County, Pennsylvania","l21b","Pits, sand and gravel",17.1902864682997,TRUE,90,NA,NA,NA,"somewhat excessively",22,250,250,49,97.9000015258789,1.60000002384186,0.5,0,0.999999977648258,6.19999980926514,49,97.9000015258789,1.60000002384186,0.5,0,2.99999993294477,"none",0,0,NA,NA,"hill","no","no",250,"F139XY003OH","State Office PA - Region 6"
361583,538934,538934,"139",8202,0.0241048764911623,0.0241048764911623,0.0440232231329999,54.7549106487236,"139",54.7549106487236,100,"Hazleton",778756,"PA121","Venango County, Pennsylvania","l2sz","Hazleton channery loam, 0 to 8 percent slopes, extremely stony",16.3329053567151,TRUE,90,"inceptisols","typic dystrochrepts","Loamy-skeletal, mixed, mesic Typic Dystrochrepts","well",4,250,114,0,57.6880011749268,29.8119988250732,12.5,1.515,5.68999993056059,4.59999990463257,0,64.1403519814475,23.7982445097806,12.0614035087719,0.804824561403509,11.8900000676513,"none",23,0,"residuum","sandstone, unspecified","hill","no","no",250,"F139XY007OH","State Office PA - Region 6"
361584,538935,538935,"139",13720,0.0403217392658798,0.0403217392658798,0.0943223004405094,42.7488929739488,"139",42.7488929739488,100,"Gilpin",778760,"PA121","Venango County, Pennsylvania","l2t0","Hazleton and Gilpin soils, 8 to 25 percent slopes, extremely stony",16.4453767850046,TRUE,44,"ultisols","typic hapludults","Fine-loamy, mixed, mesic Typic Hapludults","well",17,250,71,0,24.5079997253418,50.9720002746582,24.52,1.24,6.46000000834465,4.59999990463257,0,26.3225350178463,48.7830987849706,24.8943661971831,0.947183098591549,9.00000002980232,"none",18,0,"residuum","sandstone and shale","hill","no","no",250,"F139XY007OH","State Office PA - Region 6"
361584,538935,538935,"139",13720,0.0403217392658798,0.0403217392658798,0.0943223004405094,42.7488929739488,"139",42.7488929739488,100,"Hazleton",778759,"PA121","Venango County, Pennsylvania","l2t0","Hazleton and Gilpin soils, 8 to 25 percent slopes, extremely stony",16.4453767850046,TRUE,46,"inceptisols","typic dystrochrepts","Loamy-skeletal, mixed, mesic Typic Dystrochrepts","well",17,250,114,0,57.6880011749268,29.8119988250732,12.5,1.515,5.68999993056059,4.59999990463257,0,64.1403519814475,23.7982445097806,12.0614035087719,0.804824561403509,11.8900000676513,"none",23,0,"residuum","sandstone, unspecified","hill","no","no",250,"F139XY007OH","State Office PA - Region 6"
361585,538936,538936,"139",107819,0.316869504803783,0.316869504803783,0.560974536544817,56.4855415284019,"139",56.4855415284019,100,"Hazleton",778763,"PA121","Venango County, Pennsylvania","l2t1","Hazleton and Gilpin soils, 25 to 70 percent slopes, extremely stony",16.5774859867159,TRUE,45,"inceptisols","typic dystrochrepts","Loamy-skeletal, mixed, mesic Typic Dystrochrepts","well",48,250,114,0,57.6880011749268,29.8119988250732,12.5,1.515,5.68999993056059,4.59999990463257,0,64.1403519814475,23.7982445097806,12.0614035087719,0.804824561403509,11.8900000676513,"none",23,0,"residuum","sandstone, unspecified","hill","no","no",250,"F139XY007OH","State Office PA - Region 6"
361585,538936,538936,"139",107819,0.316869504803783,0.316869504803783,0.560974536544817,56.4855415284019,"139",56.4855415284019,100,"Gilpin",778764,"PA121","Venango County, Pennsylvania","l2t1","Hazleton and Gilpin soils, 25 to 70 percent slopes, extremely stony",16.5774859867159,TRUE,35,"ultisols","typic hapludults","Fine-loamy, mixed, mesic Typic Hapludults","well",48,250,71,0,24.5079997253418,50.9720002746582,24.52,1.24,6.46000000834465,4.59999990463257,0,26.3225350178463,48.7830987849706,24.8943661971831,0.947183098591549,9.00000002980232,"none",18,0,"residuum","sandstone and shale","hill","no","no",250,"F139XY007OH","State Office PA - Region 6"
361901,538931,538931,"139",4523,0.0132926550072576,0.0132926550072576,0.0273446731133908,48.6114972087494,"139",48.6114972087494,100,"Hazleton",779475,"PA121","Venango County, Pennsylvania","l2sw","Hazleton channery loam, 3 to 8 percent slopes",16.4355812098211,TRUE,90,"inceptisols","typic dystrudepts","Loamy-skeletal, siliceous, active, mesic Typic Dystrudepts","well",6,250,137,35.8,61.2400012969971,26.2599987030029,12.5,1.075,5.30000001192093,4.8699999332428,47.8686131386861,69.9014602716822,18.4379551462883,11.6605839416058,0.551094890510949,13.5400002375245,"none",15,0,"residuum","sandstone, noncalcareous","hillside or mountainside","no","no",250,"F139XY007OH","State Office PA - Region 6"
361902,538932,538932,"139",2755,0.00809667577824336,0.00809667577824336,0.0163223384317845,49.6048762380561,"139",49.6048762380561,100,"Hazleton",779479,"PA121","Venango County, Pennsylvania","l2sx","Hazleton channery loam, 8 to 15 percent slopes",16.4589840675416,TRUE,90,"inceptisols","typic dystrudepts","Loamy-skeletal, siliceous, active, mesic Typic Dystrudepts","well",12,250,137,35.8,61.2400012969971,26.260000038147,12.5,1.075,5.30000001192093,4.8699999332428,47.8686131386861,69.9014602716822,18.4379562043796,11.6605839416058,0.551094890510949,13.5400002375245,"none",15,0,"residuum","sandstone, noncalcareous","hillside or mountainside","no","no",250,"F139XY007OH","State Office PA - Region 6"
361903,538933,538933,"139",3159,0.00928399229890047,0.00928399229890047,0.0145649682172746,63.7419331124204,"139",63.7419331124204,100,"Hazleton",779483,"PA121","Venango County, Pennsylvania","l2sy","Hazleton channery loam, 15 to 25 percent slopes",16.3631840855539,TRUE,90,"inceptisols","typic dystrudepts","Loamy-skeletal, siliceous, active, mesic Typic Dystrudepts","well",20,250,137,35.8,61.2400012969971,26.2599987030029,12.5,1.075,5.30000001192093,4.8699999332428,50.5547445255474,69.9014602716822,18.4379551462883,11.6605839416058,0.551094890510949,13.5400002375245,"none",15,0,"residuum","sandstone, noncalcareous","hillside or mountainside","no","no",250,"F139XY007OH","State Office PA - Region 6"
361930,539207,539207,"139",8784,0.0258153176174554,0.0258153176174554,0.0343776429455182,75.093332193739,"139",75.093332193739,100,"Armagh",779580,"PA609","Warren and Forest Counties, Pennsylvania","l32s","Armagh silt loam, 0 to 8 percent slopes",15.2155596025615,TRUE,85,"ultisols","typic endoaquults","Clayey, mixed, active, mesic Typic Endoaquults","poorly",4,250,250,0,17.339999961853,52.9600006103516,29.7,1.6,8.40000003576279,5,0,10.5906666437785,54.2560010782878,35.1533333333333,0.7,19.839999884367,"none",30,0,"residuum","shale, unspecified","depression & hill","yes","no",25,"F139XY012OH","State Office PA - Region 6"
361932,539209,539209,"139",4699,0.013809901808336,0.013809901808336,0.0156920115849552,88.0059368652027,"139",88.0059368652027,100,"Atkins",779586,"PA609","Warren and Forest Counties, Pennsylvania","l32v","Atkins silty clay loam",15.8313995747589,TRUE,90,"entisols","typic fluvaquents","Fine-loamy, mixed, acid, mesic Typic Fluvaquents","poorly",2,250,250,0,19.9599998474121,52.7399993896484,27.3,1.35,8.40000003576279,5,0,30.8799999491374,45.2699997965495,23.85,0.645333331624667,23.1099996268749,"flood",20,0,"alluvium",NA,"flood plain","yes","no",25,"F139XY009OH","State Office PA - Region 6"
361940,539217,539217,"139",37746,0.110931805417631,0.110931805417631,0.181560068040822,61.0992310229192,"139",61.0992310229192,100,"Cavode",779614,"PA609","Warren and Forest Counties, Pennsylvania","l333","Cavode silt loam, 0 to 25 percent slopes, extremely stony",15.2126110001356,TRUE,90,"ultisols","aeric ochraquults","Clayey, mixed, mesic Aeric Ochraquults","somewhat poorly",13,250,152,0,14.7799996376038,54.5400009155273,34,1.35,7.59999997913838,5,0,9.65999981562297,54.6333346557617,36.8133333333333,0.616666666666667,17.8200000822544,"none",20,0,"residuum","shale, unspecified","hill","no","no",50,"F139XY006OH","State Office PA - Region 6"
361981,539258,539258,"139",674,0.00198082013594774,0.00198082013594774,0.00267978546885082,73.917116089042,"139",73.917116089042,100,"Pits",779737,"PA609","Warren and Forest Counties, Pennsylvania","l34f","Pits, gravel",16.1896644431837,TRUE,100,"entisols",NA,"Mesic Udorthents","somewhat excessively",0,250,250,NA,NA,NA,NA,NA,NA,NA,NA,NA,NA,NA,NA,NA,"none",0,NA,NA,NA,NA,"no","no",250,NA,"State Office PA - Region 6"
361987,539264,539264,"139",1435,0.0042173247701558,0.0042173247701558,0.00492539121416439,85.6241583009216,"139",85.6241583009216,100,"Udorthents",779752,"PA609","Warren and Forest Counties, Pennsylvania","l34m","Udorthents, smooth",16.1370104645428,TRUE,90,"entisols",NA,"Mesic Udorthents","moderately well",12,250,250,0,26,52.36,21.64,0.154000000953674,4.57999992370605,4.59999990463257,0,26,52.12,21.88,0.118000001311302,11.5799999535084,"none",0,0,"mine spoil, coal extraction",NA,NA,"no","no",100,"F139XY004OH","State Office PA - Region 6"
362440,2900411,542556,"139",3008,0.00884021805479348,0.00884021805479348,0.0183174062524873,48.2612982042317,"139",48.2612982042317,100,"Dumps",780850,"PA073","Lawrence County, Pennsylvania","l6kt","Dumps",18.3520350914006,TRUE,90,NA,NA,NA,NA,0,250,250,NA,NA,NA,NA,NA,NA,NA,NA,NA,NA,NA,NA,NA,"none",0,NA,"mine spoil or earthy fill",NA,NA,"no","no",250,NA,"State Office PA - Region 6"
365112,539216,539216,"139",10498,0.0308525961234116,0.0308525961234116,0.0394021798959266,78.3017493065177,"139",78.3017493065177,100,"Cavode",787762,"PA609","Warren and Forest Counties, Pennsylvania","l332","Cavode silt loam, 15 to 25 percent slopes",15.252778461804,TRUE,80,"ultisols","aeric endoaquults","Fine, mixed, active, mesic Aeric Endoaquults","somewhat poorly",20,250,145,7.5,14,55,31,1.75,8.00000000745058,5.29999995231628,9.38620689655172,13.5310344827586,53.5103448275862,32.9586206896552,0.886206896551724,18.8799998611212,"none",25,0,"residuum","shale, clayey","hillslope","no","no",50,"F139XY006OH","State Office PA - Region 6"
365343,1650887,1650887,"139",29,8.52281660867723e-05,8.52281660867723e-05,8.52281660867723e-05,100,"139",100,100,"Weikert",788166,"OH099","Mahoning County, Ohio","1sdwf","Gilpin-Weikert complex, 25 to 70 percent slopes",17.3125823448444,TRUE,35,"inceptisols","lithic dystrochrepts","Loamy-skeletal, mixed, mesic Lithic Dystrochrepts","somewhat excessively",48,250,46,0,26.2999992370605,52.7000007629395,21,0.934782608695652,3.65999995172024,5.30000019073486,0,26.2999992370605,52.7000007629395,21,0.934782608695652,3.65999995172024,"none",18,0,"residuum","sandstone and shale","hill","no","no",250,"F139XY007OH","State Office PA - Region 6"
365343,1650887,1650887,"139",29,8.52281660867723e-05,8.52281660867723e-05,8.52281660867723e-05,100,"139",100,100,"Gilpin",788165,"OH099","Mahoning County, Ohio","1sdwf","Gilpin-Weikert complex, 25 to 70 percent slopes",17.3125823448444,TRUE,45,"ultisols","typic hapludults","Fine-loamy, mixed, mesic Typic Hapludults","well",48,250,76,0,23.4199996948242,52.2800003051758,24.3,1.05,7.20000013709068,4.59999990463257,0,22.9736840097528,52.131579148142,24.8947368421053,0.776315789473684,10.5200001597404,"none",20,0,"residuum","sandstone and shale","hill","no","no",250,"F139XY007OH","State Office PA - Region 6"
365362,2900295,542592,"139",349,0.00102567689532012,0.0260239796792541,0.0286267333803612,90.9079612174938,"139",90.9079612174938,100,"Pits",788200,"PA007","Beaver County, Pennsylvania","l6lz","Pits",17.6548097682566,TRUE,95,NA,NA,NA,NA,0,250,250,NA,NA,NA,NA,NA,NA,NA,NA,NA,NA,NA,NA,NA,"none",0,NA,NA,NA,NA,"no","no",250,NA,"State Office PA - Region 6"
365362,2900447,542592,"139",8506,0.024998302783934,0.0260239796792541,0.0286267333803612,90.9079612174938,"139",90.9079612174938,100,"Pits",788200,"PA073","Lawrence County, Pennsylvania","l6lz","Pits",17.6548097682566,TRUE,95,NA,NA,NA,NA,0,250,250,NA,NA,NA,NA,NA,NA,NA,NA,NA,NA,NA,NA,NA,"none",0,NA,NA,NA,NA,"no","no",250,NA,"State Office PA - Region 6"
365377,2900310,542607,"139",1869,0.00549280835917853,0.0604061974395696,0.0974520246330761,61.9855746117225,"139",61.9855746117225,100,"Arents",788236,"PA007","Beaver County, Pennsylvania","l6mg","Urban land-Arents complex",18.0723614523873,TRUE,40,"entisols",NA,NA,"moderately well",0,250,250,NA,NA,NA,NA,NA,NA,NA,NA,NA,NA,NA,NA,NA,"none",0,NA,"mine spoil, coal extraction",NA,NA,"no","no",100,NA,"State Office PA - Region 6"
365377,2900462,542607,"139",18685,0.054913389080391,0.0604061974395696,0.0974520246330761,61.9855746117225,"139",61.9855746117225,100,"Arents",788236,"PA073","Lawrence County, Pennsylvania","l6mg","Urban land-Arents complex",18.0723614523873,TRUE,40,"entisols",NA,NA,"moderately well",0,250,250,NA,NA,NA,NA,NA,NA,NA,NA,NA,NA,NA,NA,NA,"none",0,NA,"mine spoil, coal extraction",NA,NA,"no","no",100,NA,"State Office PA - Region 6"
365377,2900462,542607,"139",18685,0.054913389080391,0.0604061974395696,0.0974520246330761,61.9855746117225,"139",61.9855746117225,100,"Urban land",788235,"PA073","Lawrence County, Pennsylvania","l6mg","Urban land-Arents complex",18.0723614523873,TRUE,50,NA,NA,NA,NA,0,250,250,NA,NA,NA,NA,NA,NA,NA,NA,NA,NA,NA,NA,NA,"none",0,NA,"human-transported material",NA,NA,"no","no",250,NA,"State Office PA - Region 6"
365377,2900310,542607,"139",1869,0.00549280835917853,0.0604061974395696,0.0974520246330761,61.9855746117225,"139",61.9855746117225,100,"Urban land",788235,"PA007","Beaver County, Pennsylvania","l6mg","Urban land-Arents complex",18.0723614523873,TRUE,50,NA,NA,NA,NA,0,250,250,NA,NA,NA,NA,NA,NA,NA,NA,NA,NA,NA,NA,NA,"none",0,NA,"human-transported material",NA,NA,"no","no",250,NA,"State Office PA - Region 6"
365773,1612219,1612219,"139",23,6.7594752413647e-05,6.7594752413647e-05,6.7594752413647e-05,100,"139",100,100,"Dams",789142,"PA085","Mercer County, Pennsylvania","1r3n2","Dams",16.9135234666907,TRUE,100,NA,NA,NA,NA,0,250,250,NA,NA,NA,NA,NA,NA,NA,NA,NA,NA,NA,NA,NA,"none",0,NA,NA,NA,NA,"no","no",250,NA,"State Office PA - Region 6"
365864,2633099,2545949,"139",33001,0.096986714104468,0.096986714104468,0.0992745299124173,97.6954654834753,"139",97.6954654834753,100,"Water",789438,"PA049","Erie County, Pennsylvania","2rg8d","Water",16.7599987637708,TRUE,100,NA,NA,NA,NA,0,250,250,NA,NA,NA,NA,NA,NA,NA,NA,NA,NA,NA,NA,NA,"none",0,NA,NA,NA,NA,"unranked","no",250,"Water","State Office PA - Region 6"
365864,296263,296263,"139",38911,0.114355626572496,0.114355626572496,0.114355626572496,100,"139",100,100,"Water",789438,"PA085","Mercer County, Pennsylvania","9y8w","Water",17.2455921514263,TRUE,100,NA,NA,NA,NA,0,250,250,NA,NA,NA,NA,NA,NA,NA,NA,NA,NA,NA,NA,NA,"none",0,NA,NA,NA,NA,"unranked","no",250,"Water","State Office PA - Region 6"
365864,539277,539277,"139",41423,0.121738149096978,0.121738149096978,0.151001861745631,80.6202967894865,"139",80.6202967894865,100,"Water",789438,"PA609","Warren and Forest Counties, Pennsylvania","l351","Water",15.879686936138,TRUE,100,NA,NA,NA,NA,0,250,250,NA,NA,NA,NA,NA,NA,NA,NA,NA,NA,NA,NA,NA,"none",0,NA,NA,NA,NA,"unranked","no",250,"Water","State Office PA - Region 6"
365864,1413894,1413894,"139",13100,0.0384996198529902,0.0384996198529902,0.0762056741709078,50.5206735218252,"139",50.5206735218252,100,"Water",789438,"PA121","Venango County, Pennsylvania","1jg8h","Water",16.8359844700008,TRUE,100,NA,NA,NA,NA,0,250,250,NA,NA,NA,NA,NA,NA,NA,NA,NA,NA,NA,NA,NA,"none",0,NA,NA,NA,NA,"unranked","no",250,"Water","State Office PA - Region 6"
365864,296206,296206,"139",86022,0.252810251831597,0.252810251831597,0.252810251831597,100,"139",100,100,"Water",789438,"PA039","Crawford County, Pennsylvania","9y71","Water, census and small",16.704738066559,TRUE,100,NA,NA,NA,NA,0,250,250,NA,NA,NA,NA,NA,NA,NA,NA,NA,NA,NA,NA,NA,"none",0,NA,NA,NA,NA,"unranked","no",250,NA,"State Office PA - Region 6"
366639,1413893,1413893,"139",344,0.00101098238392585,0.00101098238392585,0.00190442253109576,53.0860335570676,"139",53.0860335570676,100,"Potomac",1173979,"PA121","Venango County, Pennsylvania","1jg8g","Riverwash",16.8525400762689,TRUE,85,"entisols","typic udifluvents","Sandy-skeletal, mixed, mesic Typic Udifluvents","somewhat excessively",2,250,250,57,86,9,5,0.240000000596046,3.00000004470348,6.3,61,88.6666666666667,6.33333333333333,5,0.113333334028721,8.00000011920929,"flood",0,0,"alluvium","sedimentary, unspecified","flood plain","no","no",250,"F139XY008OH","State Office PA - Region 6"
367355,1413891,1413891,"139",59,0.000173395234452399,0.000173395234452399,0.000173395234452399,100,"139",100,100,"Udorthents",1711816,"PA121","Venango County, Pennsylvania","1jg8d","Made land",16.3177913730427,TRUE,100,"entisols","typic udorthents","Loamy-skeletal, mixed, active, acid, mesic Typic Udorthents","well",5,250,250,64,26,52,22,0.100000001490116,3.50000001490116,4.59999990463257,64,26,52,22,0.100000001490116,10.5000000447035,"none",0,0,"human-transported material","interbedded sedimentary","plateau","no","no",250,"F139XY005OH","State Office PA - Region 6"
367451,538947,538947,"139",4478,0.0131604044047092,0.0131604044047092,0.0175271946964927,75.0856291186327,"139",75.0856291186327,100,"Urban land",817605,"PA121","Venango County, Pennsylvania","l2td","Urban land-Monongahela complex",16.7915628493545,TRUE,60,NA,NA,NA,NA,2,250,250,NA,NA,NA,NA,NA,NA,NA,NA,NA,NA,NA,NA,NA,"none",0,NA,"human-transported material",NA,NA,"no","no",250,NA,"State Office PA - Region 6"
367451,538947,538947,"139",4478,0.0131604044047092,0.0131604044047092,0.0175271946964927,75.0856291186327,"139",75.0856291186327,100,"Monongahela",890479,"PA121","Venango County, Pennsylvania","l2td","Urban land-Monongahela complex",16.7915628493545,TRUE,40,"ultisols","typic fragiudults","Fine-loamy, mixed, semiactive, mesic Typic Fragiudults","moderately well",4,250,250,12.16,33.0779996490479,44.6020003509521,22.32,1.65,9.14999975264072,5.38399985313416,13.3866666666667,36.3593332163493,38.8673334503174,24.7733333333333,0.755,20.5299997851253,"none",23,0,"alluvium","sandstone and shale","terrace","no","no",100,"F139XY004OH","State Office PA - Region 6"
367842,1413892,1413892,"139",438,0.00128723919813815,0.00128723919813815,0.00161019348012272,79.9431381401468,"139",79.9431381401468,100,"Pits",792490,"PA121","Venango County, Pennsylvania","1jg8f","Quarries",16.5794983563122,TRUE,100,NA,NA,NA,NA,50,250,0,NA,NA,NA,NA,NA,NA,NA,NA,NA,NA,NA,NA,NA,"none",0,0,NA,NA,NA,"no","no",250,"F139XY007OH","State Office PA - Region 6"
377156,539215,539215,"139",36800,0.108151603861835,0.108151603861835,0.133274310957482,81.1496252239777,"139",81.1496252239777,100,"Cavode",814667,"PA609","Warren and Forest Counties, Pennsylvania","l331","Cavode silt loam, 8 to 15 percent slopes",15.1960089080518,TRUE,85,"ultisols","aeric endoaquults","Fine, mixed, active, mesic Aeric Endoaquults","somewhat poorly",12,250,145,7.5,14,55,31,1.75,8.00000000745058,5.29999995231628,9.38620689655172,13.5310344827586,53.5103448275862,32.9586206896552,0.886206896551724,18.8799998611212,"none",25,0,"residuum","shale, clayey","hillslope","no","no",50,"F139XY006OH","State Office PA - Region 6"
378353,538946,538946,"139",3683,0.0108239770930201,0.0108239770930201,0.0108676624263265,99.5980245650563,"139",99.5980245650563,100,"Tyler",816305,"PA121","Venango County, Pennsylvania","l2tc","Tyler silt loam",16.7069291926987,TRUE,85,"ultisols","aeric fragiaquults","Fine-silty, mixed, active, mesic Aeric Fragiaquults","somewhat poorly",1,250,250,2,9.92800010681152,66.2320004272461,23.84,1.4,9.36000028252602,5.35200000762939,6.71333333333333,8.3953334681193,63.071333287557,28.5333333333333,0.635,17.4600001126528,"none",18,0,"alluvium","shale and siltstone","terrace","no","no",50,"F139XY004OH","State Office PA - Region 6"
393696,1452232,1452232,"139",157,0.000461407657780112,0.000461407657780112,0.000461407657780112,100,"139",100,100,"Dumps",855603,"PA609","Warren and Forest Counties, Pennsylvania","1kr56","Landfill",16.1578322368063,TRUE,100,NA,NA,NA,"well",15,250,250,33.4,13.2,57.78,29.02,0.642000007629395,5.11999994516373,4.85200000762939,39.8235294117647,14.1176470588235,58.1470588235294,27.7352941176471,0.467647068640765,12.8823528833249,"none",0,0,"mine spoil or earthy fill","shale and siltstone",NA,"no","no",250,"F139XY004OH","State Office PA - Region 6"
404757,633752,633752,"139",1486,0.00436720878637737,0.00436720878637737,0.00557621712406322,78.3184852600415,"139",78.3184852600415,100,"Holly",895337,"OH029","Columbiana County, Ohio","p8gm","Holly silt loam, 0 to 2 percent slopes, frequently flooded",17.8589903381411,TRUE,95,"inceptisols","fluvaquentic endoaquepts","Fine-loamy, mixed, active, nonacid, mesic Fluvaquentic Endoaquepts","poorly",1,250,191,0,22.7799995422363,54.6199989318848,22.6,1.7,9.79999989271164,6.19999980926514,0,36.1193331782023,43.9839996337891,19.8966666666667,1.4,22.8599994182587,"flood",10,0,"alluvium","siltstone","flood plain","yes","no",25,"F139XY009OH","State Office OH - Region 6"
404766,631469,631469,"139",2511,0.00737958362220294,0.00737958362220294,0.0119064641560039,61.9796400132928,"139",61.9796400132928,100,"Rainsboro",895392,"OH029","Columbiana County, Ohio","p62z","Rainsboro silt loam, 2 to 6 percent slopes",17.9893520477449,TRUE,85,"alfisols","oxyaquic fragiudalfs","Fine-silty, mixed, superactive, mesic Oxyaquic Fragiudalfs","moderately well",4,250,250,0,9.69999990463257,68.8999984741211,21.4,0.889999985694885,10.6000001728535,5.19999980926514,0,21.8759999783834,53.47066599528,24.6533333333333,0.533999999364217,23.5800000578165,"none",0,0,"loess & outwash",NA,"terrace","no","no",100,"F139XY004OH","State Office OH - Region 6"
404775,631471,631471,"139",1987,0.00583959882808333,0.00583959882808333,0.00759514518143539,76.8859408027762,"139",76.8859408027762,100,"Rainsboro",895401,"OH029","Columbiana County, Ohio","p631","Rainsboro silt loam, 6 to 12 percent slopes, eroded",17.9996865149268,TRUE,80,"alfisols","oxyaquic fragiudalfs","Fine-silty, mixed, superactive, mesic Oxyaquic Fragiudalfs","moderately well",9,250,250,0,9.41999992370605,68.8199984741211,21.76,0.865999984741211,10.5400001704693,5.19999980926514,0,20.8439999834696,53.0893326822917,26.0666666666667,0.521333332856496,22.7800001651049,"none",0,0,"loess & outwash",NA,"terrace","no","no",100,"F139XY004OH","State Office OH - Region 6"
467414,1612221,1612221,"139",369,0.00108445494089721,0.00108445494089721,0.00108445494089721,100,"139",100,100,"Water",1300382,"PA085","Mercer County, Pennsylvania","1r3n4","Miscellaneous water",17.0709572562034,TRUE,100,NA,NA,NA,NA,0,250,250,NA,NA,NA,NA,NA,NA,NA,NA,NA,NA,NA,NA,NA,"none",0,NA,NA,NA,NA,"unranked","no",250,NA,"6-MIL Mill Hall, Pennsylvania"
539001,539208,539208,"139",2948,0.00866388391806223,0.00866388391806223,0.0102292750282098,84.6969496290737,"139",84.6969496290737,100,"Armagh",1771288,"PA609","Warren and Forest Counties, Pennsylvania","l32t","Armagh silt loam, 0 to 8 percent slopes, extremely stony",15.21134180657,TRUE,90,"ultisols","typic endoaquults","Fine, mixed, active, mesic Typic Endoaquults","poorly",4,250,250,0,9.17999992370605,54.9200012207031,35.9,0.9,6.79999992251396,5,0,8.09066665967305,55.0893345387777,36.82,0.466666666666667,17.939999833703,"none",10,0,"residuum","shale, clayey","depression & hill","yes","no",25,"F139XY012OH","State Office PA - Region 6"
545209,2633108,2545958,"139",199,0.000584841553491989,0.000584841553491989,0.00114982045728435,50.8637283140075,"139",50.8637283140075,100,"Collamer",1807310,"PA049","Erie County, Pennsylvania","2rg8p","Collamer silt loam, 15 to 25 percent slopes",16.6669417165261,TRUE,85,"alfisols","glossaquic hapludalfs","Fine-silty, mixed, active, mesic Glossaquic Hapludalfs","moderately well",20,130,250,2,11.4479998397827,68.4720025634766,20.08,2.30800000786781,8.84000027179718,6.23999980926514,2,10.8026666895549,66.2373329671224,22.96,0.889333337744077,26.4400007724762,"none",30,0,"glaciolacustrine deposits","igneous and sedimentary rock","lake plain","no","no",100,"F139XY002OH","12-PAS Paul Smiths, New York"
670895,538940,2575307,"139",13232,0.038887554953799,0.0618727096767178,0.108105864354356,57.2334443152014,"139",57.2334443152014,100,"Pope",2305132,"PA121","Venango County, Pennsylvania","2sftf","Pope loam, 0 to 3 percent slopes, occasionally flooded",16.2168720029101,TRUE,85,"inceptisols","fluventic dystrudepts","Coarse-loamy, mixed, active, mesic Fluventic Dystrudepts","well",1.5,250,250,3.2,43.9760006713867,30.8160012817383,9.20799987792969,12.079999961853,5.33999986760318,4.77400011062622,14.4333333333333,59.9306663767497,26.2960001373291,8.43999993960063,4.41333331863085,15.020000083372,"flood",18,0,"alluvium","sandstone and shale","flood plain","no","no",250,"F139XY008OH","6-MOR Correlated MLRA Data"
670895,539259,2575307,"139",7821,0.0229851547229188,0.0618727096767178,0.108105864354356,57.2334443152014,"139",57.2334443152014,100,"Pope",2305132,"PA609","Warren and Forest Counties, Pennsylvania","2sftf","Pope loam, 0 to 3 percent slopes, occasionally flooded",16.2168720029101,TRUE,85,"inceptisols","fluventic dystrudepts","Coarse-loamy, mixed, active, mesic Fluventic Dystrudepts","well",1.5,250,250,3.2,43.9760006713867,30.8160012817383,9.20799987792969,12.079999961853,5.33999986760318,4.77400011062622,14.4333333333333,59.9306663767497,26.2960001373291,8.43999993960063,4.41333331863085,15.020000083372,"flood",18,0,"alluvium","sandstone and shale","flood plain","no","no",250,"F139XY008OH","6-MOR Correlated MLRA Data"
675338,289618,2581676,"139",4916,0.0144476436028473,0.260172202040127,0.499770518237992,52.0583332841239,"139",52.0583332841239,100,"Gilpin",2365086,"NY009","Cattaraugus County, New York","2snfw","Gilpin channery silt loam, 35 to 65 percent slopes",15.5188981632135,TRUE,85,"ultisols","typic hapludults","Fine-loamy, mixed, active, mesic Typic Hapludults","well",50,250,80,18.28,22.04,47.26,22.7,8.08599996328354,7.4000001847744,4.54,30.625,22.625,48.8875,23.4875,5.37624997347593,10.820000320673,"none",17,0,"residuum","shale and siltstone","hillslope","no","no",250,"F139XY007OH","6-MOR Correlated MLRA Data"
675338,289279,2581676,"139",582,0.00171044112629315,0.260172202040127,0.499770518237992,52.0583332841239,"139",52.0583332841239,100,"Gilpin",2365086,"NY605","Seneca Nation of Indians, New York","2snfw","Gilpin channery silt loam, 35 to 65 percent slopes",15.5188981632135,TRUE,85,"ultisols","typic hapludults","Fine-loamy, mixed, active, mesic Typic Hapludults","well",50,250,80,18.28,22.04,47.26,22.7,8.08599996328354,7.4000001847744,4.54,30.625,22.625,48.8875,23.4875,5.37624997347593,10.820000320673,"none",17,0,"residuum","shale and siltstone","hillslope","no","no",250,"F139XY007OH","6-MOR Correlated MLRA Data"
675338,539233,2581676,"139",83029,0.244014117310987,0.260172202040127,0.499770518237992,52.0583332841239,"139",52.0583332841239,100,"Gilpin",2365086,"PA609","Warren and Forest Counties, Pennsylvania","2snfw","Gilpin channery silt loam, 35 to 65 percent slopes",15.5188981632135,TRUE,85,"ultisols","typic hapludults","Fine-loamy, mixed, active, mesic Typic Hapludults","well",50,250,80,18.28,22.04,47.26,22.7,8.08599996328354,7.4000001847744,4.54,30.625,22.625,48.8875,23.4875,5.37624997347593,10.820000320673,"none",17,0,"residuum","shale and siltstone","hillslope","no","no",250,"F139XY007OH","6-MOR Correlated MLRA Data"
679323,3180056,2586931,"139",4140,0.0121670554344565,0.0121670554344565,0.0282458850405873,43.075497251983,"139",43.075497251983,100,"Monongahela",2223029,"PA121","Venango County, Pennsylvania","2stxd","Monongahela silt loam, 0 to 3 percent slopes",16.4623145236505,TRUE,85,"ultisols","typic fragiudults","Fine-loamy, mixed, semiactive, mesic Typic Fragiudults","moderately well",2,250,250,0,21.44,56.6,21.96,1.30800000667572,9.37999984622002,6.17600011825562,7.56,22.6,52.64,24.76,0.54800000667572,19.9799999445677,"none",18,0,"alluvium","interbedded sedimentary","stream terrace","no","no",100,"F139XY004OH","6-MAT Correlated MLRA Data"
750781,288112,2653187,"139",19184,0.0563799013175393,0.0563799013175393,0.130771055562633,43.1134405660098,"139",43.1134405660098,100,"Wheeling",2383557,"OH151","Stark County, Ohio","2w1vp","Wheeling silt loam, 3 to 8 percent slopes",18.7489639779747,TRUE,90,"alfisols","ultic hapludalfs","Fine-loamy, mixed, active, mesic Ultic Hapludalfs","well",5,250,250,9.84,25.68,54.48,19.84,1.18400000572205,6.78000009059906,5.70400005340576,14.48,32.08,47.5466666666667,20.3733333333333,0.594666676521301,17.0999998599291,"none",26,0,"alluvium & glaciofluvial deposits",NA,"terrace","no","no",250,"F139XY005OH","6-MAT Correlated MLRA Data"
