"coiid","SiteID","nationalmusym","muname"
268275,"F096XB026MI","682f","Cohoctah fine sandy loam"
268275,"F097XA027MI","682f","Cohoctah fine sandy loam"
268280,"F096XB023MI","6806","Selfridge-Capac complex, 0 to 5 percent slopes"
268280,"F097XA012MI","6806","Selfridge-Capac complex, 0 to 5 percent slopes"
268281,"F096XB017MI","6806","Selfridge-Capac complex, 0 to 5 percent slopes"
268281,"F097XA022MI","6806","Selfridge-Capac complex, 0 to 5 percent slopes"
268287,"F096XB019MI","680c","Spinks-Metea-Coloma complex, 1 to 6 percent slopes"
268287,"F098XA013MI","680c","Spinks-Metea-Coloma complex, 1 to 6 percent slopes"
268288,"F098XA013MI","680c","Spinks-Metea-Coloma complex, 1 to 6 percent slopes"
268286,"F098XA013MI","680c","Spinks-Metea-Coloma complex, 1 to 6 percent slopes"
268286,"F096XB019MI","680c","Spinks-Metea-Coloma complex, 1 to 6 percent slopes"
268288,"F096XB020MI","680c","Spinks-Metea-Coloma complex, 1 to 6 percent slopes"
268290,"F098XA013MI","680d","Spinks-Metea-Coloma complex, 6 to 12 percent slopes"
268289,"F098XA013MI","680d","Spinks-Metea-Coloma complex, 6 to 12 percent slopes"
268289,"F096XB019MI","680d","Spinks-Metea-Coloma complex, 6 to 12 percent slopes"
268289,"F094AA006MI","680d","Spinks-Metea-Coloma complex, 6 to 12 percent slopes"
268291,"F094AA006MI","680d","Spinks-Metea-Coloma complex, 6 to 12 percent slopes"
268290,"F096XB019MI","680d","Spinks-Metea-Coloma complex, 6 to 12 percent slopes"
268291,"F098XA013MI","680d","Spinks-Metea-Coloma complex, 6 to 12 percent slopes"
268290,"F094AA006MI","680d","Spinks-Metea-Coloma complex, 6 to 12 percent slopes"
268291,"F096XB020MI","680d","Spinks-Metea-Coloma complex, 6 to 12 percent slopes"
268292,"F098XA021MI","680f","Spinks-Metea complex, 12 to 25 percent slopes"
268292,"F094AA006MI","680f","Spinks-Metea complex, 12 to 25 percent slopes"
268293,"F094AA006MI","680f","Spinks-Metea complex, 12 to 25 percent slopes"
268293,"F098XA021MI","680f","Spinks-Metea complex, 12 to 25 percent slopes"
268293,"F096XB019MI","680f","Spinks-Metea complex, 12 to 25 percent slopes"
268292,"F096XB019MI","680f","Spinks-Metea complex, 12 to 25 percent slopes"
268296,"F096XB024MI","680l","Granby mucky sand"
268296,"F097XA008MI","680l","Granby mucky sand"
268304,"F098XA019MI","680v","Watseka loamy sand, 0 to 4 percent slopes"
268304,"F096XB023MI","680v","Watseka loamy sand, 0 to 4 percent slopes"
268308,"F096XB020MI","680y","Coloma sand, 12 to 30 percent slopes"
268308,"F098XA021MI","680y","Coloma sand, 12 to 30 percent slopes"
268308,"F094AA006MI","680y","Coloma sand, 12 to 30 percent slopes"
268311,"F098XA013MI","6812","Boyer loamy sand, 0 to 6 percent slopes"
268311,"F096XB019MI","6812","Boyer loamy sand, 0 to 6 percent slopes"
268314,"F098XA021MI","6815","Boyer loamy sand, 18 to 40 percent slopes"
268314,"F094AA006MI","6815","Boyer loamy sand, 18 to 40 percent slopes"
268314,"F096XB019MI","6815","Boyer loamy sand, 18 to 40 percent slopes"
268321,"F096XB019MI","681d","Metea-Marlette-Spinks complex, 1 to 6 percent slopes"
268322,"F096XB016MI","681d","Metea-Marlette-Spinks complex, 1 to 6 percent slopes"
268322,"F097XA018MI","681d","Metea-Marlette-Spinks complex, 1 to 6 percent slopes"
268321,"F098XA013MI","681d","Metea-Marlette-Spinks complex, 1 to 6 percent slopes"
268322,"F098XA008MI","681d","Metea-Marlette-Spinks complex, 1 to 6 percent slopes"
893728,"F096XB019MI","681d","Metea-Marlette-Spinks complex, 1 to 6 percent slopes"
893728,"F098XA013MI","681d","Metea-Marlette-Spinks complex, 1 to 6 percent slopes"
268321,"F097XA004MI","681d","Metea-Marlette-Spinks complex, 1 to 6 percent slopes"
893728,"F097XA004MI","681d","Metea-Marlette-Spinks complex, 1 to 6 percent slopes"
268325,"F098XA008MI","681f","Metea-Marlette-Spinks complex, 6 to 12 percent slopes"
268326,"F098XA013MI","681f","Metea-Marlette-Spinks complex, 6 to 12 percent slopes"
268326,"F096XB019MI","681f","Metea-Marlette-Spinks complex, 6 to 12 percent slopes"
268325,"F094AA002MI","681f","Metea-Marlette-Spinks complex, 6 to 12 percent slopes"
268326,"F094AA006MI","681f","Metea-Marlette-Spinks complex, 6 to 12 percent slopes"
268324,"F094AA006MI","681f","Metea-Marlette-Spinks complex, 6 to 12 percent slopes"
268325,"F096XB016MI","681f","Metea-Marlette-Spinks complex, 6 to 12 percent slopes"
268324,"F096XB019MI","681f","Metea-Marlette-Spinks complex, 6 to 12 percent slopes"
268324,"F098XA013MI","681f","Metea-Marlette-Spinks complex, 6 to 12 percent slopes"
268327,"F096XB019MI","681g","Metea-Marlette-Spinks complex, 6 to 12 percent slopes, eroded"
268327,"F097XA004MI","681g","Metea-Marlette-Spinks complex, 6 to 12 percent slopes, eroded"
268328,"F097XA018MI","681g","Metea-Marlette-Spinks complex, 6 to 12 percent slopes, eroded"
268328,"F096XB016MI","681g","Metea-Marlette-Spinks complex, 6 to 12 percent slopes, eroded"
268329,"F096XB019MI","681g","Metea-Marlette-Spinks complex, 6 to 12 percent slopes, eroded"
268329,"F097XA004MI","681g","Metea-Marlette-Spinks complex, 6 to 12 percent slopes, eroded"
268331,"F096XB019MI","681h","Metea-Spinks-Marlette complex, 12 to 25 percent slopes"
268331,"F094AA006MI","681h","Metea-Spinks-Marlette complex, 12 to 25 percent slopes"
893733,"F096XB016MI","681h","Metea-Spinks-Marlette complex, 12 to 25 percent slopes"
268331,"F098XA021MI","681h","Metea-Spinks-Marlette complex, 12 to 25 percent slopes"
268330,"F094AA006MI","681h","Metea-Spinks-Marlette complex, 12 to 25 percent slopes"
893733,"F094AA002MI","681h","Metea-Spinks-Marlette complex, 12 to 25 percent slopes"
893733,"F098XA022MI","681h","Metea-Spinks-Marlette complex, 12 to 25 percent slopes"
268330,"F096XB019MI","681h","Metea-Spinks-Marlette complex, 12 to 25 percent slopes"
268330,"F098XA021MI","681h","Metea-Spinks-Marlette complex, 12 to 25 percent slopes"
268333,"F098XA021MI","681j","Metea-Spinks complex, 25 to 40 percent slopes"
268333,"F096XB019MI","681j","Metea-Spinks complex, 25 to 40 percent slopes"
268334,"F096XB019MI","681j","Metea-Spinks complex, 25 to 40 percent slopes"
268334,"F098XA021MI","681j","Metea-Spinks complex, 25 to 40 percent slopes"
268335,"F096XB019MI","681k","Metea loamy sand, 1 to 6 percent slopes"
268335,"F098XA013MI","681k","Metea loamy sand, 1 to 6 percent slopes"
268336,"F096XB019MI","681l","Metea loamy sand, 6 to 12 percent slopes"
268336,"F098XA013MI","681l","Metea loamy sand, 6 to 12 percent slopes"
268347,"F094AA006MI","681x","Toogood loamy sand, 6 to 12 percent slopes"
268347,"F098XA013MI","681x","Toogood loamy sand, 6 to 12 percent slopes"
268347,"F096XB019MI","681x","Toogood loamy sand, 6 to 12 percent slopes"
268348,"F096XB019MI","681y","Toogood loamy sand, 12 to 18 percent slopes"
268348,"F094AA006MI","681y","Toogood loamy sand, 12 to 18 percent slopes"
268348,"F098XA021MI","681y","Toogood loamy sand, 12 to 18 percent slopes"
268351,"F097XA012MI","6821","Thetford loamy fine sand, 0 to 4 percent slopes"
268351,"F096XB023MI","6821","Thetford loamy fine sand, 0 to 4 percent slopes"
268355,"F096XB024MI","6824","Sickles loamy fine sand"
268355,"F097XA008MI","6824","Sickles loamy fine sand"
268359,"F097XA007MI","6829","Jebavy sand"
268359,"F096XB022MI","6829","Jebavy sand"
268361,"F097XA018MI","682c","Udorthents, loamy, nearly level and gently sloping"
268361,"F096XB016MI","682c","Udorthents, loamy, nearly level and gently sloping"
268363,"F096XB025MI","682g","Algansee loamy fine sand"
268363,"F097XA025MI","682g","Algansee loamy fine sand"
268365,"F097XA025MI","682h","Ceresco fine sandy loam"
268365,"F096XB025MI","682h","Ceresco fine sandy loam"
268371,"F098XA021MI","682m","Plainfield sand, 18 to 35 percent slopes"
268371,"F096XB020MI","682m","Plainfield sand, 18 to 35 percent slopes"
268372,"F096XB020MI","682n","Plainfield sand, 35 to 50 percent slopes"
268372,"F098XA021MI","682n","Plainfield sand, 35 to 50 percent slopes"
894095,"F096XB023MI","682p","Selfridge loamy sand, 0 to 4 percent slopes"
894095,"F097XA012MI","682p","Selfridge loamy sand, 0 to 4 percent slopes"
894586,"F097XA025MI","682s","Abscota loamy sand, 0 to 3 percent slopes"
894586,"F096XB025MI","682s","Abscota loamy sand, 0 to 3 percent slopes"
268392,"F096XB019MI","67zn","Grattan sand, banded substratum, 6 to 18 percent slopes"
268392,"F094AA006MI","67zn","Grattan sand, banded substratum, 6 to 18 percent slopes"
268401,"F096XB020MI","67zt","Grattan-Coloma complex, 0 to 6 percent slopes"
268401,"F094AA006MI","67zt","Grattan-Coloma complex, 0 to 6 percent slopes"
268400,"F096XB019MI","67zt","Grattan-Coloma complex, 0 to 6 percent slopes"
268400,"F094AA006MI","67zt","Grattan-Coloma complex, 0 to 6 percent slopes"
268402,"F096XB019MI","67zv","Grattan-Coloma complex, 6 to 18 percent slopes"
268403,"F096XB020MI","67zv","Grattan-Coloma complex, 6 to 18 percent slopes"
268402,"F094AA006MI","67zv","Grattan-Coloma complex, 6 to 18 percent slopes"
268403,"F094AA006MI","67zv","Grattan-Coloma complex, 6 to 18 percent slopes"
268406,"F096XB019MI","67zx","Grattan, banded substratum-Coloma complex, 0 to 6 percent slopes"
268407,"F096XB020MI","67zx","Grattan, banded substratum-Coloma complex, 0 to 6 percent slopes"
268407,"F094AA006MI","67zx","Grattan, banded substratum-Coloma complex, 0 to 6 percent slopes"
268406,"F094AA006MI","67zx","Grattan, banded substratum-Coloma complex, 0 to 6 percent slopes"
268408,"F094AA006MI","67zy","Grattan, banded substratum-Coloma complex, 6 to 18 percent slopes"
268408,"F096XB019MI","67zy","Grattan, banded substratum-Coloma complex, 6 to 18 percent slopes"
268409,"F096XB020MI","67zy","Grattan, banded substratum-Coloma complex, 6 to 18 percent slopes"
268409,"F094AA006MI","67zy","Grattan, banded substratum-Coloma complex, 6 to 18 percent slopes"
268410,"F094AA006MI","67zz","Grattan, banded substratum-Coloma complex, 18 to 30 percent slopes"
268411,"F094AA006MI","67zz","Grattan, banded substratum-Coloma complex, 18 to 30 percent slopes"
268411,"F096XB020MI","67zz","Grattan, banded substratum-Coloma complex, 18 to 30 percent slopes"
268410,"F096XB019MI","67zz","Grattan, banded substratum-Coloma complex, 18 to 30 percent slopes"
268414,"F094AA006MI","6801","Grattan, banded substratum-Metea complex, 6 to 18 percent slopes"
268415,"F096XB019MI","6801","Grattan, banded substratum-Metea complex, 6 to 18 percent slopes"
268414,"F096XB019MI","6801","Grattan, banded substratum-Metea complex, 6 to 18 percent slopes"
268415,"F094AA006MI","6801","Grattan, banded substratum-Metea complex, 6 to 18 percent slopes"
268417,"F096XB019MI","6802","Grattan, banded substratum-Metea complex, 18 to 30 percent slopes"
268416,"F096XB019MI","6802","Grattan, banded substratum-Metea complex, 18 to 30 percent slopes"
268417,"F094AA006MI","6802","Grattan, banded substratum-Metea complex, 18 to 30 percent slopes"
268416,"F094AA006MI","6802","Grattan, banded substratum-Metea complex, 18 to 30 percent slopes"
268421,"F094AA006MI","6804","Metea-Tustin complex, 0 to 6 percent slopes"
268420,"F096XB019MI","6804","Metea-Tustin complex, 0 to 6 percent slopes"
268420,"F094AA006MI","6804","Metea-Tustin complex, 0 to 6 percent slopes"
268421,"F096XB019MI","6804","Metea-Tustin complex, 0 to 6 percent slopes"
268422,"F094AA006MI","6805","Metea-Tustin complex, 6 to 18 percent slopes"
268423,"F094AA006MI","6805","Metea-Tustin complex, 6 to 18 percent slopes"
268422,"F096XB019MI","6805","Metea-Tustin complex, 6 to 18 percent slopes"
268423,"F096XB019MI","6805","Metea-Tustin complex, 6 to 18 percent slopes"
268491,"F098XA021MI","6858","Coloma sand, 12 to 18 percent slopes"
268491,"F094AA006MI","6858","Coloma sand, 12 to 18 percent slopes"
268494,"F094AA002MI","685c","Tekenink loamy fine sand, 2 to 6 percent slopes"
268494,"F098XA008MI","685c","Tekenink loamy fine sand, 2 to 6 percent slopes"
268519,"F098XA011MI","685x","Metamora fine sandy loam, 0 to 3 percent slopes"
268519,"F094AA003MI","685x","Metamora fine sandy loam, 0 to 3 percent slopes"
268602,"F098XA008MI","684v","Remus sandy loam, 1 to 6 percent slopes"
268602,"F094AA002MI","684v","Remus sandy loam, 1 to 6 percent slopes"
268604,"F098XA008MI","684w","Remus sandy loam, 6 to 12 percent slopes"
268604,"F094AA002MI","684w","Remus sandy loam, 6 to 12 percent slopes"
268606,"F098XA022MI","684x","Remus sandy loam, 12 to 18 percent slopes"
268606,"F094AA002MI","684x","Remus sandy loam, 12 to 18 percent slopes"
269598,"F098XA004MI","68vy","Alluvial land"
269598,"F096XB026MI","68vy","Alluvial land"
269608,"F098XA013MI","68w4","Croswell and Melita loamy sands, 0 to 2 percent slopes"
269607,"F096XB021MI","68w4","Croswell and Melita loamy sands, 0 to 2 percent slopes"
269607,"F098XA017MI","68w4","Croswell and Melita loamy sands, 0 to 2 percent slopes"
269608,"F096XB020MI","68w4","Croswell and Melita loamy sands, 0 to 2 percent slopes"
269610,"F098XA013MI","68w5","Croswell and Melita loamy sands, 2 to 6 percent slopes"
269609,"F098XA017MI","68w5","Croswell and Melita loamy sands, 2 to 6 percent slopes"
269609,"F096XB021MI","68w5","Croswell and Melita loamy sands, 2 to 6 percent slopes"
269610,"F096XB020MI","68w5","Croswell and Melita loamy sands, 2 to 6 percent slopes"
269611,"F098XA013MI","68w6","Croswell and Melita loamy sands, 6 to 15 percent slopes"
269612,"F096XB020MI","68w6","Croswell and Melita loamy sands, 6 to 15 percent slopes"
269612,"F098XA013MI","68w6","Croswell and Melita loamy sands, 6 to 15 percent slopes"
269611,"F096XB020MI","68w6","Croswell and Melita loamy sands, 6 to 15 percent slopes"
269683,"F098XA020MI","68xr","Roscommon sand, 0 to 2 percent slopes"
269683,"F096XB024MI","68xr","Roscommon sand, 0 to 2 percent slopes"
269693,"F097XA022MI","68y0","Belding and Allendale soils, 0 to 6 percent slopes"
269694,"F097XA006MI","68y0","Belding and Allendale soils, 0 to 6 percent slopes"
269693,"F096XB017MI","68y0","Belding and Allendale soils, 0 to 6 percent slopes"
269694,"F096XB021MI","68y0","Belding and Allendale soils, 0 to 6 percent slopes"
269695,"F097XA022MI","68y1","Belding-Ubly sandy loams, 2 to 6 percent slopes"
269696,"F097XA018MI","68y1","Belding-Ubly sandy loams, 2 to 6 percent slopes"
269695,"F096XB017MI","68y1","Belding-Ubly sandy loams, 2 to 6 percent slopes"
269696,"F096XB016MI","68y1","Belding-Ubly sandy loams, 2 to 6 percent slopes"
269703,"F096XB019MI","68y5","Chelsea-Mancelona loamy sands, 6 to 12 percent slopes"
269702,"F096XB019MI","68y5","Chelsea-Mancelona loamy sands, 6 to 12 percent slopes"
269702,"F097XA004MI","68y5","Chelsea-Mancelona loamy sands, 6 to 12 percent slopes"
269703,"F097XA004MI","68y5","Chelsea-Mancelona loamy sands, 6 to 12 percent slopes"
269721,"F097XA023MI","68yj","Hettinger and Pickford soils"
269722,"F096XB018MI","68yj","Hettinger and Pickford soils"
269721,"F096XB018MI","68yj","Hettinger and Pickford soils"
269722,"F097XA023MI","68yj","Hettinger and Pickford soils"
269724,"F097XA004MI","68yl","Kalkaska-Wallace sands, 2 to 6 percent slopes"
269725,"F096XB021MI","68yl","Kalkaska-Wallace sands, 2 to 6 percent slopes"
269725,"F097XA006MI","68yl","Kalkaska-Wallace sands, 2 to 6 percent slopes"
269724,"F096XB019MI","68yl","Kalkaska-Wallace sands, 2 to 6 percent slopes"
269726,"F096XB017MI","68ym","Kawkawlin loam, 0 to 2 percent slopes"
269726,"F097XA022MI","68ym","Kawkawlin loam, 0 to 2 percent slopes"
269728,"F097XA022MI","68yn","Kawkawlin loam, 2 to 6 percent slopes"
269728,"F096XB017MI","68yn","Kawkawlin loam, 2 to 6 percent slopes"
269731,"F096XB017MI","68yp","Kawkawlin and Selkirk loams, 0 to 2 percent slopes"
269731,"F097XA022MI","68yp","Kawkawlin and Selkirk loams, 0 to 2 percent slopes"
269730,"F096XB017MI","68yp","Kawkawlin and Selkirk loams, 0 to 2 percent slopes"
269730,"F097XA022MI","68yp","Kawkawlin and Selkirk loams, 0 to 2 percent slopes"
269737,"F097XA027MI","68ys","Kerston muck"
269737,"F096XB026MI","68ys","Kerston muck"
269741,"F096XB016MI","68yw","Menominee and Ubly soils, 2 to 6 percent slopes"
269741,"F097XA018MI","68yw","Menominee and Ubly soils, 2 to 6 percent slopes"
269740,"F097XA004MI","68yw","Menominee and Ubly soils, 2 to 6 percent slopes"
269740,"F096XB019MI","68yw","Menominee and Ubly soils, 2 to 6 percent slopes"
269742,"F096XB019MI","68yx","Menominee and Ubly soils, 6 to 12 percent slopes"
269743,"F097XA018MI","68yx","Menominee and Ubly soils, 6 to 12 percent slopes"
269742,"F097XA004MI","68yx","Menominee and Ubly soils, 6 to 12 percent slopes"
269743,"F096XB016MI","68yx","Menominee and Ubly soils, 6 to 12 percent slopes"
269748,"F097XA018MI","68z1","Nester sandy loam, 6 to 12 percent slopes"
269748,"F096XB016MI","68z1","Nester sandy loam, 6 to 12 percent slopes"
269749,"F097XA017MI","68z2","Nester soils, 12 to 25 percent slopes"
269749,"F096XB016MI","68z2","Nester soils, 12 to 25 percent slopes"
269750,"F097XA017MI","68z3","Nester soils, 12 to 25 percent slopes, severely eroded"
269750,"F096XB016MI","68z3","Nester soils, 12 to 25 percent slopes, severely eroded"
269754,"F096XB017MI","68z6","Nester-Kawkawlin loams, 2 to 6 percent slopes"
269754,"F097XA022MI","68z6","Nester-Kawkawlin loams, 2 to 6 percent slopes"
269753,"F096XB016MI","68z6","Nester-Kawkawlin loams, 2 to 6 percent slopes"
269753,"F097XA018MI","68z6","Nester-Kawkawlin loams, 2 to 6 percent slopes"
269756,"F097XA018MI","68z7","Nester-Ubly sandy loams, 2 to 6 percent slopes"
269757,"F096XB016MI","68z7","Nester-Ubly sandy loams, 2 to 6 percent slopes"
269757,"F097XA018MI","68z7","Nester-Ubly sandy loams, 2 to 6 percent slopes"
269756,"F096XB016MI","68z7","Nester-Ubly sandy loams, 2 to 6 percent slopes"
269769,"F096XB018MI","68zj","Sims loam"
269769,"F097XA023MI","68zj","Sims loam"
269771,"F097XA004MI","68zl","Sparta sand, 0 to 2 percent slopes"
269771,"F096XB019MI","68zl","Sparta sand, 0 to 2 percent slopes"
269773,"F096XB026MI","68zm","Tawas and Carlisle mucks"
269772,"F097XA027MI","68zm","Tawas and Carlisle mucks"
269772,"F096XB026MI","68zm","Tawas and Carlisle mucks"
269773,"F097XA027MI","68zm","Tawas and Carlisle mucks"
269775,"F097XA008MI","68zn","Tonkey and Deford soils"
269774,"F097XA023MI","68zn","Tonkey and Deford soils"
269774,"F096XB018MI","68zn","Tonkey and Deford soils"
269775,"F096XB024MI","68zn","Tonkey and Deford soils"
269777,"F096XB026MI","68zq","Warners muck"
269777,"F097XA027MI","68zq","Warners muck"
269778,"F096XB020MI","68zr","Wind eroded land, sloping"
269778,"F097XA004MI","68zr","Wind eroded land, sloping"
270404,"F094AA006MI","699z","Plainfield sand, 18 to 35 percent slopes"
270404,"F096XB020MI","699z","Plainfield sand, 18 to 35 percent slopes"
270411,"F098XA008MI","69b6","Metea loamy sand, 0 to 6 percent slopes"
270411,"F094AA002MI","69b6","Metea loamy sand, 0 to 6 percent slopes"
270412,"F098XA008MI","69b7","Metea loamy sand, 6 to 12 percent slopes"
270412,"F094AA002MI","69b7","Metea loamy sand, 6 to 12 percent slopes"
270414,"F098XA017MI","69b9","Covert sand, 0 to 3 percent slopes"
270414,"F096XB021MI","69b9","Covert sand, 0 to 3 percent slopes"
270414,"F094AA007MI","69b9","Covert sand, 0 to 3 percent slopes"
270415,"F094AA002MI","69bb","Remus sandy loam, 0 to 6 percent slopes"
270415,"F098XA008MI","69bb","Remus sandy loam, 0 to 6 percent slopes"
270416,"F094AA002MI","69bc","Remus sandy loam, 6 to 12 percent slopes"
270416,"F098XA008MI","69bc","Remus sandy loam, 6 to 12 percent slopes"
270417,"F094AA002MI","69bd","Remus sandy loam, 12 to 18 percent slopes"
270417,"F098XA022MI","69bd","Remus sandy loam, 12 to 18 percent slopes"
270421,"F098XA022MI","69bj","Marlette sandy loam, 12 to 18 percent slopes"
270421,"F094AA002MI","69bj","Marlette sandy loam, 12 to 18 percent slopes"
270425,"F096XB016MI","69bn","Perrinton loam, 18 to 35 percent slopes"
270425,"F094AA002MI","69bn","Perrinton loam, 18 to 35 percent slopes"
270427,"F096XB017MI","69bq","Ithaca loam, 0 to 4 percent slopes"
270427,"F094AA003MI","69bq","Ithaca loam, 0 to 4 percent slopes"
270427,"F098XA011MI","69bq","Ithaca loam, 0 to 4 percent slopes"
270429,"F098XA012MI","69br","Ziegenfuss silty clay loam"
270429,"F094AA004MI","69br","Ziegenfuss silty clay loam"
270430,"F096XB024MI","69bs","Roscommon loamy sand"
270430,"F094AA010MI","69bs","Roscommon loamy sand"
270430,"F098XA020MI","69bs","Roscommon loamy sand"
270431,"F098XA020MI","69bt","Vestaburg sandy loam"
270431,"F094AA010MI","69bt","Vestaburg sandy loam"
270432,"F098XA020MI","69bv","Edmore sandy loam"
270432,"F094AA010MI","69bv","Edmore sandy loam"
270436,"F094AA014MI","69bz","Loxley muck"
270436,"F098XA007MI","69bz","Loxley muck"
270438,"F096XB025MI","69c1","Algansee loamy sand, 0 to 3 percent slopes"
270438,"F098XA003MI","69c1","Algansee loamy sand, 0 to 3 percent slopes"
270438,"F094AA011MI","69c1","Algansee loamy sand, 0 to 3 percent slopes"
270440,"F098XA004MI","69c2","Glendora loamy sand"
270440,"F094AA012MI","69c2","Glendora loamy sand"
270441,"F098XA018MI","69c3","Wixom loamy sand, 0 to 3 percent slopes"
270441,"F094AA007MI","69c3","Wixom loamy sand, 0 to 3 percent slopes"
270443,"F098XA018MI","69c4","Pipestone loamy sand, 0 to 3 percent slopes"
270443,"F094AA007MI","69c4","Pipestone loamy sand, 0 to 3 percent slopes"
270443,"F096XB021MI","69c4","Pipestone loamy sand, 0 to 3 percent slopes"
270447,"F098XA011MI","69c6","Locke sandy loam, 0 to 3 percent slopes"
270447,"F094AA003MI","69c6","Locke sandy loam, 0 to 3 percent slopes"
270448,"F094AA009MI","69c7","Thetford loamy sand, 0 to 3 percent slopes"
270448,"F098XA019MI","69c7","Thetford loamy sand, 0 to 3 percent slopes"
270451,"F094AA009MI","69c8","Riverdale loamy sand, 0 to 4 percent slopes"
270451,"F096XB023MI","69c8","Riverdale loamy sand, 0 to 4 percent slopes"
270451,"F098XA019MI","69c8","Riverdale loamy sand, 0 to 4 percent slopes"
270453,"F094AA003MI","69c9","Aubbeenaubbee fine sandy loam, 0 to 4 percent slopes"
270453,"F098XA011MI","69c9","Aubbeenaubbee fine sandy loam, 0 to 4 percent slopes"
270454,"F098XA012MI","69cb","Corunna fine sandy loam"
270454,"F094AA004MI","69cb","Corunna fine sandy loam"
270456,"F094AA007MI","69cd","Arkona loamy sand, 0 to 4 percent slopes"
270456,"F098XA018MI","69cd","Arkona loamy sand, 0 to 4 percent slopes"
270458,"F094AA004MI","69cf","Wauseon sandy loam"
270458,"F098XA012MI","69cf","Wauseon sandy loam"
270459,"F094AA006MI","69cg","Coloma loamy sand, loamy substratum, 0 to 6 percent slopes"
270459,"F098XA013MI","69cg","Coloma loamy sand, loamy substratum, 0 to 6 percent slopes"
270460,"F096XB019MI","69ch","Tustin loamy sand, 0 to 6 percent slopes"
270460,"F098XA013MI","69ch","Tustin loamy sand, 0 to 6 percent slopes"
270460,"F094AA006MI","69ch","Tustin loamy sand, 0 to 6 percent slopes"
270461,"F094AA006MI","69cj","Tustin loamy sand, 6 to 12 percent slopes"
270461,"F096XB019MI","69cj","Tustin loamy sand, 6 to 12 percent slopes"
270462,"F094AA006MI","69ck","Mecosta sand, 0 to 4 percent slopes"
270462,"F098XA013MI","69ck","Mecosta sand, 0 to 4 percent slopes"
270462,"F096XB019MI","69ck","Mecosta sand, 0 to 4 percent slopes"
270463,"F098XA013MI","69cl","Mecosta sand, 6 to 12 percent slopes"
270463,"F094AA006MI","69cl","Mecosta sand, 6 to 12 percent slopes"
270463,"F096XB019MI","69cl","Mecosta sand, 6 to 12 percent slopes"
270464,"F094AA006MI","69cm","Mecosta sand, 12 to 18 percent slopes"
270464,"F098XA021MI","69cm","Mecosta sand, 12 to 18 percent slopes"
270465,"F096XB019MI","69cn","Mecosta sand, 18 to 35 percent slopes"
270465,"F094AA006MI","69cn","Mecosta sand, 18 to 35 percent slopes"
270465,"F098XA021MI","69cn","Mecosta sand, 18 to 35 percent slopes"
270466,"F094AA010MI","69cp","Psammaquents, nearly level"
270466,"F098XA020MI","69cp","Psammaquents, nearly level"
270467,"F094AA007MI","69cq","Covert loamy sand, gravelly substratum, 0 to 3 percent slopes"
270467,"F098XA017MI","69cq","Covert loamy sand, gravelly substratum, 0 to 3 percent slopes"
270467,"F096XB021MI","69cq","Covert loamy sand, gravelly substratum, 0 to 3 percent slopes"
271567,"F096XA008MI","838y","Au Gres-Finch sands, 0 to 4 percent slopes"
271568,"F094AA007MI","838y","Au Gres-Finch sands, 0 to 4 percent slopes"
271567,"F094AA007MI","838y","Au Gres-Finch sands, 0 to 4 percent slopes"
271568,"F096XA008MI","838y","Au Gres-Finch sands, 0 to 4 percent slopes"
271573,"F094AA003MI","8391","Chestonia silty clay loam, 3 to 12 percent slopes"
271573,"F096XA004MI","8391","Chestonia silty clay loam, 3 to 12 percent slopes"
271574,"F096XA004MI","8392","Chestonia silty clay loam, 12 to 40 percent slopes"
271574,"F094AA003MI","8392","Chestonia silty clay loam, 12 to 40 percent slopes"
271582,"F094AA002MI","8397","Emmet-Montcalm complex, 3 to 12 percent slopes"
271582,"F096XA003MI","8397","Emmet-Montcalm complex, 3 to 12 percent slopes"
271583,"F096XA007MI","8397","Emmet-Montcalm complex, 3 to 12 percent slopes"
271583,"F094AA006MI","8397","Emmet-Montcalm complex, 3 to 12 percent slopes"
271585,"F096XA003MI","8398","Emmet-Montcalm complex, 12 to 40 percent slopes"
271586,"F096XA007MI","8398","Emmet-Montcalm complex, 12 to 40 percent slopes"
271586,"F094AA006MI","8398","Emmet-Montcalm complex, 12 to 40 percent slopes"
271585,"F094AA002MI","8398","Emmet-Montcalm complex, 12 to 40 percent slopes"
271602,"F096XA007MI","839j","Kalkaska-Montcalm complex, 0 to 12 percent slopes"
271601,"F094AA005MI","839j","Kalkaska-Montcalm complex, 0 to 12 percent slopes"
271601,"F096XA006MI","839j","Kalkaska-Montcalm complex, 0 to 12 percent slopes"
271602,"F094AA006MI","839j","Kalkaska-Montcalm complex, 0 to 12 percent slopes"
271607,"F096XA005MI","839m","Pickford silty clay loam"
271607,"F094AA004MI","839m","Pickford silty clay loam"
271609,"F094AA010MI","839p","Roscommon mucky sand"
271609,"F096XA011MI","839p","Roscommon mucky sand"
271611,"F096XA014MI","839r","Tawas muck"
271611,"F094AA013MI","839r","Tawas muck"
271612,"F094AA013MI","839s","Tawas-Ensley complex"
271612,"F096XA014MI","839s","Tawas-Ensley complex"
271613,"F094AA004MI","839s","Tawas-Ensley complex"
271613,"F096XA005MI","839s","Tawas-Ensley complex"
272510,"F094AB026MI","6bs6","Adrian association"
272510,"F099XY014MI","6bs6","Adrian association"
272514,"F099XY005MI","6bs8","Allendale loamy sand, 0 to 2 percent slopes"
272514,"F094AB020MI","6bs8","Allendale loamy sand, 0 to 2 percent slopes"
272517,"F099XY005MI","6bs9","Allendale loamy sand, 2 to 6 percent slopes"
272517,"F094AB020MI","6bs9","Allendale loamy sand, 2 to 6 percent slopes"
272519,"F099XY009MI","6bsb","Alluvial land, coarse"
272519,"F094AB025MI","6bsb","Alluvial land, coarse"
272520,"F094AB024MI","6bsc","Alluvial land, medium"
272520,"F099XY008MI","6bsc","Alluvial land, medium"
272524,"F099XY005MI","6bsf","Au Gres sand, 0 to 2 percent slopes"
272524,"F094AB020MI","6bsf","Au Gres sand, 0 to 2 percent slopes"
272530,"F099XY005MI","6bsh","Au Gres sand, loamy substratum, 0 to 2 percent slopes"
272530,"F094AB020MI","6bsh","Au Gres sand, loamy substratum, 0 to 2 percent slopes"
272543,"F099XY007MI","6bsp","Bohemian loamy fine sand, 0 to 2 percent slopes"
272543,"F094AB015MI","6bsp","Bohemian loamy fine sand, 0 to 2 percent slopes"
272552,"F099XY012MI","6bsx","Brevort fine sandy loam"
272552,"F094AB023MI","6bsx","Brevort fine sandy loam"
272553,"F094AB023MI","6bsy","Brevort loamy sand"
272553,"F099XY012MI","6bsy","Brevort loamy sand"
272554,"F094AB023MI","6bsz","Brevort sand"
272554,"F099XY012MI","6bsz","Brevort sand"
272559,"F099XY007MI","6bt2","Brimley fine sandy loam, 0 to 2 percent slopes"
272559,"F094AB016MI","6bt2","Brimley fine sandy loam, 0 to 2 percent slopes"
272563,"F099XY007MI","6bt4","Brimley loam, 0 to 2 percent slopes"
272563,"F094AB016MI","6bt4","Brimley loam, 0 to 2 percent slopes"
272567,"F099XY007MI","6bt6","Brimley loamy fine sand, 0 to 2 percent slopes"
272567,"F094AB016MI","6bt6","Brimley loamy fine sand, 0 to 2 percent slopes"
272569,"F094AB016MI","6bt7","Brimley loamy fine sand, 2 to 6 percent slopes"
272569,"F099XY007MI","6bt7","Brimley loamy fine sand, 2 to 6 percent slopes"
272571,"F094AB017MI","6bt8","Bruce fine sandy loam"
272571,"F099XY013MI","6bt8","Bruce fine sandy loam"
272572,"F099XY013MI","6bt9","Bruce loamy fine sand"
272572,"F094AB017MI","6bt9","Bruce loamy fine sand"
272573,"F094AB017MI","6btb","Bruce silt loam"
272573,"F099XY013MI","6btb","Bruce silt loam"
272574,"F099XY012MI","6btc","Burleigh loamy sand"
272574,"F094AB023MI","6btc","Burleigh loamy sand"
272578,"F099XY015MI","6btg","Dawson-Greenwood peats"
272578,"F094AB027MI","6btg","Dawson-Greenwood peats"
272577,"F094AB027MI","6btg","Dawson-Greenwood peats"
272577,"F099XY015MI","6btg","Dawson-Greenwood peats"
272580,"F099XY012MI","6btj","Deford loamy fine sand"
272580,"F094AB023MI","6btj","Deford loamy fine sand"
272581,"F098XA023MI","6btk","Duel loamy sand, 0 to 2 percent slopes"
272581,"F094CY038MI","6btk","Duel loamy sand, 0 to 2 percent slopes"
272582,"F098XA023MI","6btl","Duel loamy sand, 2 to 6 percent slopes"
272582,"F094CY038MI","6btl","Duel loamy sand, 2 to 6 percent slopes"
272583,"F094CY038MI","6btm","Duel loamy sand, 6 to 12 percent slopes"
272583,"F098XA023MI","6btm","Duel loamy sand, 6 to 12 percent slopes"
272590,"F099XY006MI","6btr","Eastport-Rubicon sands, 12 to 18 percent slopes"
272591,"F099XY006MI","6btr","Eastport-Rubicon sands, 12 to 18 percent slopes"
272591,"F094AB018MI","6btr","Eastport-Rubicon sands, 12 to 18 percent slopes"
272590,"F094AB018MI","6btr","Eastport-Rubicon sands, 12 to 18 percent slopes"
272608,"F094AB020MI","6bv2","Gladwin loamy sand"
272608,"F099XY005MI","6bv2","Gladwin loamy sand"
272619,"F094AB017MI","6bv8","Hettinger loam"
272619,"F099XY013MI","6bv8","Hettinger loam"
272620,"F099XY013MI","6bv9","Hettinger silty clay loam"
272620,"F094AB017MI","6bv9","Hettinger silty clay loam"
272621,"F099XY005MI","6bvb","Ingalls loamy sand, 0 to 2 percent slopes"
272621,"F094AB020MI","6bvb","Ingalls loamy sand, 0 to 2 percent slopes"
272624,"F099XY005MI","6bvc","Ingalls loamy sand, 2 to 6 percent slopes"
272624,"F094AB020MI","6bvc","Ingalls loamy sand, 2 to 6 percent slopes"
272627,"F099XY005MI","6bvd","Iosco loamy sand, 0 to 2 percent slopes"
272627,"F094AB020MI","6bvd","Iosco loamy sand, 0 to 2 percent slopes"
272635,"F094AB020MI","6bvg","Iosco sand, 0 to 2 percent slopes"
272635,"F099XY005MI","6bvg","Iosco sand, 0 to 2 percent slopes"
272639,"F099XY005MI","6bvh","Iosco sand, 2 to 6 percent slopes"
272639,"F094AB020MI","6bvh","Iosco sand, 2 to 6 percent slopes"
272666,"F094AB016MI","6bvw","Kawkawlin loam, 0 to 2 percent slopes"
272666,"F099XY007MI","6bvw","Kawkawlin loam, 0 to 2 percent slopes"
272668,"F094AB016MI","6bvx","Kawkawlin loam, 2 to 6 percent slopes"
272668,"F099XY007MI","6bvx","Kawkawlin loam, 2 to 6 percent slopes"
272671,"F099XY007MI","6bvz","Kent loam, 2 to 6 percent slopes"
272671,"F094AB015MI","6bvz","Kent loam, 2 to 6 percent slopes"
272677,"F099XY014MI","6bw5","Linwood peat and muck"
272677,"F094AB026MI","6bw5","Linwood peat and muck"
272678,"F099XY006MI","6bw6","Mancelona loamy sand, 0 to 2 percent slopes"
272678,"F094AB018MI","6bw6","Mancelona loamy sand, 0 to 2 percent slopes"
272681,"F094AB018MI","6bw9","Manistee loamy sand, 2 to 6 percent slopes"
272681,"F099XY006MI","6bw9","Manistee loamy sand, 2 to 6 percent slopes"
272684,"F099XY012MI","6bwd","Maumee mucky sandy loam"
272684,"F094AB023MI","6bwd","Maumee mucky sandy loam"
272686,"F099XY005MI","6bwg","Menominee loamy sand, 0 to 2 percent slopes"
272686,"F094AB020MI","6bwg","Menominee loamy sand, 0 to 2 percent slopes"
272692,"F099XY005MI","6bwn","Menominee sand, 0 to 2 percent slopes"
272692,"F094AB020MI","6bwn","Menominee sand, 0 to 2 percent slopes"
272701,"F094AB015MI","6bwy","Nester fine sandy loam, 2 to 6 percent slopes, moderately eroded"
272701,"F099XY007MI","6bwy","Nester fine sandy loam, 2 to 6 percent slopes, moderately eroded"
272715,"F099XY013MI","6bxb","Pickford fine sandy loam"
272715,"F094AB017MI","6bxb","Pickford fine sandy loam"
272718,"F099XY013MI","6bxf","Pickford silty clay loam"
272718,"F094AB017MI","6bxf","Pickford silty clay loam"
272719,"F094AB023MI","6bxg","Pinconning loamy sand"
272719,"F099XY012MI","6bxg","Pinconning loamy sand"
272720,"F094AB016MI","6bxh","Richter loam, 0 to 2 percent slopes"
272720,"F099XY007MI","6bxh","Richter loam, 0 to 2 percent slopes"
272722,"F094AB016MI","6bxj","Richter loamy sand, 0 to 2 percent slopes"
272722,"F099XY007MI","6bxj","Richter loamy sand, 0 to 2 percent slopes"
272724,"F099XY007MI","6bxk","Richter sandy loam, 0 to 2 percent slopes"
272724,"F094AB016MI","6bxk","Richter sandy loam, 0 to 2 percent slopes"
272732,"F094AB023MI","6bxp","Roscommon loamy sand"
272732,"F099XY012MI","6bxp","Roscommon loamy sand"
272733,"F099XY012MI","6bxq","Roscommon sand"
272733,"F094AB023MI","6bxq","Roscommon sand"
272734,"F094AB023MI","6bxr","Roscommon association"
272734,"F099XY012MI","6bxr","Roscommon association"
272759,"F099XY007MI","6byb","Rudyard silty clay loam, 0 to 2 percent slopes"
272759,"F094AB016MI","6byb","Rudyard silty clay loam, 0 to 2 percent slopes"
272764,"F099XY005MI","6byf","Saugatuck sand"
272764,"F094AB020MI","6byf","Saugatuck sand"
272766,"F099XY007MI","6byg","Selkirk fine sandy loam, 0 to 2 percent slopes"
272766,"F094AB016MI","6byg","Selkirk fine sandy loam, 0 to 2 percent slopes"
272768,"F099XY007MI","6byh","Selkirk loam, 0 to 2 percent slopes"
272768,"F094AB016MI","6byh","Selkirk loam, 0 to 2 percent slopes"
272772,"F094AB016MI","6byk","Selkirk loamy sand, 0 to 2 percent slopes"
272772,"F099XY007MI","6byk","Selkirk loamy sand, 0 to 2 percent slopes"
272774,"F094AB016MI","6byl","Selkirk silt loam, 0 to 2 percent slopes"
272774,"F099XY007MI","6byl","Selkirk silt loam, 0 to 2 percent slopes"
272778,"F094AB017MI","6byn","Sims clay loam"
272778,"F099XY013MI","6byn","Sims clay loam"
272779,"F099XY013MI","6byp","Sims loam"
272779,"F094AB017MI","6byp","Sims loam"
272781,"F099XY013MI","6byr","Sims sandy loam"
272781,"F094AB017MI","6byr","Sims sandy loam"
272785,"F099XY014MI","6byw","Tawas peat and muck"
272785,"F094AB026MI","6byw","Tawas peat and muck"
272786,"F094AB026MI","6byx","Tawas peat, burned"
272786,"F099XY014MI","6byx","Tawas peat, burned"
272787,"F099XY014MI","6byy","Tawas association"
272787,"F094AB026MI","6byy","Tawas association"
272794,"F094AB017MI","6bz3","Tonkey loam"
272794,"F099XY013MI","6bz3","Tonkey loam"
272796,"F094AB017MI","6bz5","Tonkey sandy loam"
272796,"F099XY013MI","6bz5","Tonkey sandy loam"
272799,"F099XY007MI","6bz7","Twining-Belding loamy sands, 0 to 2 percent slopes"
272800,"F099XY005MI","6bz7","Twining-Belding loamy sands, 0 to 2 percent slopes"
272799,"F094AB016MI","6bz7","Twining-Belding loamy sands, 0 to 2 percent slopes"
272800,"F094AB020MI","6bz7","Twining-Belding loamy sands, 0 to 2 percent slopes"
272803,"F099XY005MI","6bz8","Twining-Belding loamy sands, 2 to 6 percent slopes"
272802,"F094AB016MI","6bz8","Twining-Belding loamy sands, 2 to 6 percent slopes"
272802,"F099XY007MI","6bz8","Twining-Belding loamy sands, 2 to 6 percent slopes"
272803,"F094AB020MI","6bz8","Twining-Belding loamy sands, 2 to 6 percent slopes"
272805,"F094AB016MI","6bz9","Twining-Belding sandy loams, 0 to 2 percent slopes"
272806,"F094AB016MI","6bz9","Twining-Belding sandy loams, 0 to 2 percent slopes"
272806,"F099XY007MI","6bz9","Twining-Belding sandy loams, 0 to 2 percent slopes"
272805,"F099XY007MI","6bz9","Twining-Belding sandy loams, 0 to 2 percent slopes"
272809,"F099XY007MI","6bzb","Twining-Belding sandy loams, 2 to 6 percent slopes"
272808,"F099XY007MI","6bzb","Twining-Belding sandy loams, 2 to 6 percent slopes"
272809,"F094AB016MI","6bzb","Twining-Belding sandy loams, 2 to 6 percent slopes"
272808,"F094AB016MI","6bzb","Twining-Belding sandy loams, 2 to 6 percent slopes"
272811,"F094AB020MI","6bzc","Wainola loamy fine sand, 0 to 2 percent slopes"
272811,"F099XY005MI","6bzc","Wainola loamy fine sand, 0 to 2 percent slopes"
272923,"F096XA008MI","6c2b","Au Gres-Saugatuck sands, 0 to 2 percent slopes"
272922,"F096XA008MI","6c2b","Au Gres-Saugatuck sands, 0 to 2 percent slopes"
272923,"F094AA007MI","6c2b","Au Gres-Saugatuck sands, 0 to 2 percent slopes"
272922,"F094AA007MI","6c2b","Au Gres-Saugatuck sands, 0 to 2 percent slopes"
272925,"F096XA008MI","6c2c","Au Gres-Saugatuck sands, 2 to 6 percent slopes"
272926,"F094AA007MI","6c2c","Au Gres-Saugatuck sands, 2 to 6 percent slopes"
272925,"F094AA007MI","6c2c","Au Gres-Saugatuck sands, 2 to 6 percent slopes"
272926,"F096XA008MI","6c2c","Au Gres-Saugatuck sands, 2 to 6 percent slopes"
272937,"F094AA007MI","6c2m","Croswell loamy sands, 2 to 6 percent slopes"
272937,"F096XA008MI","6c2m","Croswell loamy sands, 2 to 6 percent slopes"
272938,"F094AA007MI","6c2n","Croswell loamy sands, 2 to 6 percent slopes, moderately eroded"
272938,"F096XA008MI","6c2n","Croswell loamy sands, 2 to 6 percent slopes, moderately eroded"
272941,"F096XA008MI","6c2q","Croswell-Rubicon sands, 0 to 2 percent slopes, moderately eroded"
272942,"F094AA006MI","6c2q","Croswell-Rubicon sands, 0 to 2 percent slopes, moderately eroded"
272942,"F096XA007MI","6c2q","Croswell-Rubicon sands, 0 to 2 percent slopes, moderately eroded"
272941,"F094AA007MI","6c2q","Croswell-Rubicon sands, 0 to 2 percent slopes, moderately eroded"
272997,"F096XA015MI","6c42","Greenwood peat"
272997,"F094AA014MI","6c42","Greenwood peat"
273020,"F096XA008MI","6c4h","Iosco loamy sand, 2 to 6 percent slopes"
273020,"F094AA007MI","6c4h","Iosco loamy sand, 2 to 6 percent slopes"
273021,"F094AA007MI","6c4j","Iosco loamy sand, 6 to 12 percent slopes"
273021,"F096XA008MI","6c4j","Iosco loamy sand, 6 to 12 percent slopes"
273024,"F096XA008MI","6c4l","Iosco-Ogemaw loamy sands, 0 to 2 percent slopes"
273025,"F096XA008MI","6c4l","Iosco-Ogemaw loamy sands, 0 to 2 percent slopes"
273025,"F094AA007MI","6c4l","Iosco-Ogemaw loamy sands, 0 to 2 percent slopes"
273024,"F094AA007MI","6c4l","Iosco-Ogemaw loamy sands, 0 to 2 percent slopes"
273027,"F096XA008MI","6c4m","Iosco-Ogemaw loamy sands, 2 to 6 percent slopes"
273026,"F094AA007MI","6c4m","Iosco-Ogemaw loamy sands, 2 to 6 percent slopes"
273027,"F094AA007MI","6c4m","Iosco-Ogemaw loamy sands, 2 to 6 percent slopes"
273026,"F096XA008MI","6c4m","Iosco-Ogemaw loamy sands, 2 to 6 percent slopes"
273031,"F094AA005MI","6c4r","Kalkaska loamy sand, 2 to 6 percent slopes, moderately eroded"
273031,"F096XA006MI","6c4r","Kalkaska loamy sand, 2 to 6 percent slopes, moderately eroded"
273033,"F096XA006MI","6c4t","Kalkaska loamy sand, 6 to 12 percent slopes, moderately eroded"
273033,"F094AA005MI","6c4t","Kalkaska loamy sand, 6 to 12 percent slopes, moderately eroded"
273039,"F096XA006MI","6c50","Kalkaska loamy sand, 25 to 45 percent slopes"
273039,"F094AA005MI","6c50","Kalkaska loamy sand, 25 to 45 percent slopes"
273041,"F096XA006MI","6c52","Kalkaska sand, 0 to 2 percent slopes"
273041,"F094AA005MI","6c52","Kalkaska sand, 0 to 2 percent slopes"
273043,"F094AA005MI","6c54","Kalkaska sand, 2 to 6 percent slopes"
273043,"F096XA006MI","6c54","Kalkaska sand, 2 to 6 percent slopes"
273044,"F096XA006MI","6c55","Kalkaska sand, 2 to 6 percent slopes, moderately eroded"
273044,"F094AA005MI","6c55","Kalkaska sand, 2 to 6 percent slopes, moderately eroded"
273045,"F094AA005MI","6c56","Kalkaska sand, 6 to 12 percent slopes"
273045,"F096XA006MI","6c56","Kalkaska sand, 6 to 12 percent slopes"
273047,"F094AA005MI","6c58","Kalkaska sand, 12 to 18 percent slopes"
273047,"F096XA006MI","6c58","Kalkaska sand, 12 to 18 percent slopes"
273049,"F094AA005MI","6c5b","Kalkaska sand, 18 to 25 percent slopes"
273049,"F096XA006MI","6c5b","Kalkaska sand, 18 to 25 percent slopes"
273050,"F096XA006MI","6c5c","Kalkaska sand, 25 to 45 percent slopes"
273050,"F094AA005MI","6c5c","Kalkaska sand, 25 to 45 percent slopes"
273053,"F094AA006MI","6c5g","Karlin loamy sand, 6 to 12 percent slopes"
273053,"F096XA007MI","6c5g","Karlin loamy sand, 6 to 12 percent slopes"
273059,"F096XA007MI","6c5n","Karlin loamy sand, 25 to 45 percent slopes"
273059,"F094AA006MI","6c5n","Karlin loamy sand, 25 to 45 percent slopes"
273070,"F094AA005MI","6c5x","Leelanau-Kalkaska loamy sands, 0 to 2 percent slopes, moderately eroded"
273069,"F094AA005MI","6c5x","Leelanau-Kalkaska loamy sands, 0 to 2 percent slopes, moderately eroded"
273069,"F096XA006MI","6c5x","Leelanau-Kalkaska loamy sands, 0 to 2 percent slopes, moderately eroded"
273070,"F096XA006MI","6c5x","Leelanau-Kalkaska loamy sands, 0 to 2 percent slopes, moderately eroded"
273092,"F096XA007MI","6c69","Mancelona gravelly sandy loam, 0 to 2 percent slopes"
273092,"F094AA006MI","6c69","Mancelona gravelly sandy loam, 0 to 2 percent slopes"
273097,"F096XA007MI","6c6g","Mancelona gravelly sandy loam, 12 to 18 percent slopes, moderately eroded"
273097,"F094AA006MI","6c6g","Mancelona gravelly sandy loam, 12 to 18 percent slopes, moderately eroded"
273098,"F094AA006MI","6c6h","Mancelona loamy sand, 0 to 2 percent slopes"
273098,"F096XA007MI","6c6h","Mancelona loamy sand, 0 to 2 percent slopes"
273099,"F096XA007MI","6c6j","Mancelona loamy sand, 2 to 6 percent slopes"
273099,"F094AA006MI","6c6j","Mancelona loamy sand, 2 to 6 percent slopes"
273100,"F094AA006MI","6c6k","Mancelona loamy sand, 6 to 12 percent slopes"
273100,"F096XA007MI","6c6k","Mancelona loamy sand, 6 to 12 percent slopes"
273101,"F094AA006MI","6c6l","Mancelona-East Lake loamy sands, 0 to 2 percent slopes"
273102,"F096XA007MI","6c6l","Mancelona-East Lake loamy sands, 0 to 2 percent slopes"
273101,"F096XA007MI","6c6l","Mancelona-East Lake loamy sands, 0 to 2 percent slopes"
273102,"F094AA006MI","6c6l","Mancelona-East Lake loamy sands, 0 to 2 percent slopes"
273103,"F096XA007MI","6c6m","Mancelona-East Lake loamy sands, 2 to 6 percent slopes"
273104,"F094AA006MI","6c6m","Mancelona-East Lake loamy sands, 2 to 6 percent slopes"
273103,"F094AA006MI","6c6m","Mancelona-East Lake loamy sands, 2 to 6 percent slopes"
273104,"F096XA007MI","6c6m","Mancelona-East Lake loamy sands, 2 to 6 percent slopes"
273105,"F094AA006MI","6c6n","Mancelona-East Lake loamy sands, 6 to 12 percent slopes"
273106,"F096XA007MI","6c6n","Mancelona-East Lake loamy sands, 6 to 12 percent slopes"
273105,"F096XA007MI","6c6n","Mancelona-East Lake loamy sands, 6 to 12 percent slopes"
273106,"F094AA006MI","6c6n","Mancelona-East Lake loamy sands, 6 to 12 percent slopes"
273108,"F096XA007MI","6c6p","Mancelona-East Lake loamy sands, 12 to 18 percent slopes"
273107,"F094AA006MI","6c6p","Mancelona-East Lake loamy sands, 12 to 18 percent slopes"
273108,"F094AA006MI","6c6p","Mancelona-East Lake loamy sands, 12 to 18 percent slopes"
273107,"F096XA007MI","6c6p","Mancelona-East Lake loamy sands, 12 to 18 percent slopes"
273111,"F094AA006MI","6c6r","Mancelona-East Lake loamy sands, 18 to 25 percent slopes"
273112,"F096XA007MI","6c6r","Mancelona-East Lake loamy sands, 18 to 25 percent slopes"
273112,"F094AA006MI","6c6r","Mancelona-East Lake loamy sands, 18 to 25 percent slopes"
273111,"F096XA007MI","6c6r","Mancelona-East Lake loamy sands, 18 to 25 percent slopes"
273167,"F094AA003MI","6c7q","Richter, Tonkey, and Pinconning loams, 0 to 2 percent slopes"
273168,"F096XA005MI","6c7q","Richter, Tonkey, and Pinconning loams, 0 to 2 percent slopes"
273169,"F094AA004MI","6c7q","Richter, Tonkey, and Pinconning loams, 0 to 2 percent slopes"
273169,"F096XA005MI","6c7q","Richter, Tonkey, and Pinconning loams, 0 to 2 percent slopes"
273167,"F096XA004MI","6c7q","Richter, Tonkey, and Pinconning loams, 0 to 2 percent slopes"
273168,"F094AA004MI","6c7q","Richter, Tonkey, and Pinconning loams, 0 to 2 percent slopes"
273171,"F096XA005MI","6c7r","Richter, Tonkey, and Pinconning loams, 2 to 6 percent slopes"
273170,"F096XA004MI","6c7r","Richter, Tonkey, and Pinconning loams, 2 to 6 percent slopes"
273172,"F094AA004MI","6c7r","Richter, Tonkey, and Pinconning loams, 2 to 6 percent slopes"
273170,"F094AA003MI","6c7r","Richter, Tonkey, and Pinconning loams, 2 to 6 percent slopes"
273171,"F094AA004MI","6c7r","Richter, Tonkey, and Pinconning loams, 2 to 6 percent slopes"
273172,"F096XA005MI","6c7r","Richter, Tonkey, and Pinconning loams, 2 to 6 percent slopes"
273176,"F094AA013MI","6c7t","Rifle peat"
273176,"F096XA014MI","6c7t","Rifle peat"
273179,"F096XA011MI","6c7x","Roscommon sand"
273179,"F094AA010MI","6c7x","Roscommon sand"
273180,"F096XA007MI","6c7y","Rubicon sand, 0 to 2 percent slopes"
273180,"F094AA006MI","6c7y","Rubicon sand, 0 to 2 percent slopes"
273183,"F096XA007MI","6c81","Rubicon sand, 2 to 6 percent slopes, moderately eroded"
273183,"F094AA006MI","6c81","Rubicon sand, 2 to 6 percent slopes, moderately eroded"
273185,"F094AA006MI","6c83","Rubicon sand, 6 to 12 percent slopes, moderately eroded"
273185,"F096XA007MI","6c83","Rubicon sand, 6 to 12 percent slopes, moderately eroded"
273187,"F096XA007MI","6c85","Rubicon sand, 12 to 18 percent slopes, moderately eroded"
273187,"F094AA006MI","6c85","Rubicon sand, 12 to 18 percent slopes, moderately eroded"
273188,"F094AA006MI","6c86","Rubicon sand, 18 to 25 percent slopes"
273188,"F096XA007MI","6c86","Rubicon sand, 18 to 25 percent slopes"
273189,"F096XA007MI","6c87","Rubicon sand, 18 to 25 percent slopes, moderately eroded"
273189,"F094AA006MI","6c87","Rubicon sand, 18 to 25 percent slopes, moderately eroded"
273190,"F094AA006MI","6c88","Rubicon sand, 25 to 45 percent slopes"
273190,"F096XA007MI","6c88","Rubicon sand, 25 to 45 percent slopes"
273191,"F096XA007MI","6c89","Rubicon sand, 25 to 45 percent slopes, moderately eroded"
273191,"F094AA006MI","6c89","Rubicon sand, 25 to 45 percent slopes, moderately eroded"
273207,"F096XA005MI","6c8l","Tonkey-Hettinger-Pickford loams, overwash"
273206,"F096XA005MI","6c8l","Tonkey-Hettinger-Pickford loams, overwash"
273207,"F094AA004MI","6c8l","Tonkey-Hettinger-Pickford loams, overwash"
273205,"F096XA005MI","6c8l","Tonkey-Hettinger-Pickford loams, overwash"
273206,"F094AA004MI","6c8l","Tonkey-Hettinger-Pickford loams, overwash"
273205,"F094AA004MI","6c8l","Tonkey-Hettinger-Pickford loams, overwash"
273229,"F094AA002MI","6c92","Ubly-Nester complex, 2 to 6 percent slopes"
273230,"F094AA002MI","6c92","Ubly-Nester complex, 2 to 6 percent slopes"
273229,"F096XA003MI","6c92","Ubly-Nester complex, 2 to 6 percent slopes"
273230,"F096XA003MI","6c92","Ubly-Nester complex, 2 to 6 percent slopes"
273251,"F098XA003MI","6c9h","Colonville fine sandy loam"
273251,"F094AB024MI","6c9h","Colonville fine sandy loam"
273255,"F098XA018MI","6c9k","Gladwin loamy sand, 0 to 2 percent slopes"
273255,"F094AB020MI","6c9k","Gladwin loamy sand, 0 to 2 percent slopes"
273262,"F098XA021MI","6c9r","Grayling sand, 18 to 35 percent slopes"
273262,"F094AB019MI","6c9r","Grayling sand, 18 to 35 percent slopes"
273263,"F098XA012MI","6c9s","Histosols and Aquents, ponded"
1237583,"F098XA020MI","6c9s","Histosols and Aquents, ponded"
273263,"F094AB017MI","6c9s","Histosols and Aquents, ponded"
1237583,"F094AB023MI","6c9s","Histosols and Aquents, ponded"
273264,"F094AB020MI","6c9t","Iosco-Kawkawlin complex, 0 to 3 percent slopes"
273264,"F098XA018MI","6c9t","Iosco-Kawkawlin complex, 0 to 3 percent slopes"
273265,"F098XA011MI","6c9t","Iosco-Kawkawlin complex, 0 to 3 percent slopes"
273265,"F094AB016MI","6c9t","Iosco-Kawkawlin complex, 0 to 3 percent slopes"
273268,"F098XA011MI","6c9v","Kawkawlin loam, 0 to 4 percent slopes"
273268,"F094AB016MI","6c9v","Kawkawlin loam, 0 to 4 percent slopes"
273273,"F094AB018MI","6c9y","Mancelona loamy sand, 0 to 6 percent slopes"
273273,"F098XA013MI","6c9y","Mancelona loamy sand, 0 to 6 percent slopes"
273275,"F098XA006MI","6cb0","Markey muck"
273275,"F094AB026MI","6cb0","Markey muck"
273289,"F098XA022MI","6cbf","Nester loam, 12 to 18 percent slopes"
273289,"F094AB015MI","6cbf","Nester loam, 12 to 18 percent slopes"
273293,"F094AB025MI","6cbj","Rondeau muck"
273293,"F098XA004MI","6cbj","Rondeau muck"
273297,"F094AB017MI","6cbn","Sims clay loam"
273297,"F098XA012MI","6cbn","Sims clay loam"
273301,"F094AB023MI","6cbs","Wheatley loamy sand"
273301,"F099XY012MI","6cbs","Wheatley loamy sand"
273435,"F099XY005MI","6cfq","Allendale-Pinconning-Pickford association"
273435,"F094AB020MI","6cfq","Allendale-Pinconning-Pickford association"
273436,"F094AB023MI","6cfq","Allendale-Pinconning-Pickford association"
273437,"F099XY013MI","6cfq","Allendale-Pinconning-Pickford association"
273437,"F094AB017MI","6cfq","Allendale-Pinconning-Pickford association"
273436,"F099XY012MI","6cfq","Allendale-Pinconning-Pickford association"
273438,"F099XY005MI","6cfr","Au Gres sand, 0 to 2 percent slopes"
273438,"F094AB020MI","6cfr","Au Gres sand, 0 to 2 percent slopes"
273440,"F094AB020MI","6cfs","Au Gres sand, loamy substratum, 0 to 2 percent slopes"
273440,"F099XY005MI","6cfs","Au Gres sand, loamy substratum, 0 to 2 percent slopes"
273447,"F099XY005MI","6cfw","Au Gres-Roscommon association"
273447,"F094AB020MI","6cfw","Au Gres-Roscommon association"
273448,"F099XY012MI","6cfw","Au Gres-Roscommon association"
273448,"F094AB023MI","6cfw","Au Gres-Roscommon association"
273449,"F094AB016MI","6cfx","Belding sandy loam, 0 to 2 percent slopes"
273449,"F099XY007MI","6cfx","Belding sandy loam, 0 to 2 percent slopes"
273450,"F099XY007MI","6cfy","Belding sandy loam, 2 to 6 percent slopes"
273450,"F094AB016MI","6cfy","Belding sandy loam, 2 to 6 percent slopes"
273451,"F094AB016MI","6cfz","Belding sandy loam, clayey subsoil variant"
273451,"F099XY007MI","6cfz","Belding sandy loam, clayey subsoil variant"
273462,"F094AB016MI","6cg5","Brimley silt loam, 0 to 4 percent slopes"
273462,"F099XY007MI","6cg5","Brimley silt loam, 0 to 4 percent slopes"
273464,"F099XY013MI","6cg6","Bruce very fine sandy loam"
273464,"F094AB017MI","6cg6","Bruce very fine sandy loam"
273468,"F094AB023MI","6cg8","Burleigh loamy sand"
273468,"F099XY012MI","6cg8","Burleigh loamy sand"
273469,"F094AB026MI","6cg9","Carbondale muck"
273469,"F099XY014MI","6cg9","Carbondale muck"
273470,"F099XY008MI","6cgb","Ceresco loam"
273470,"F094AB024MI","6cgb","Ceresco loam"
273472,"F094AB019MI","6cgc","Chelsea sand, 0 to 6 percent slopes"
273472,"F099XY006MI","6cgc","Chelsea sand, 0 to 6 percent slopes"
273473,"F098XA013MI","6cgd","Chelsea sand, 6 to 12 percent slopes"
273473,"F094AB019MI","6cgd","Chelsea sand, 6 to 12 percent slopes"
273474,"F094AB019MI","6cgf","Chelsea sand, 12 to 18 percent slopes"
273474,"F098XA021MI","6cgf","Chelsea sand, 12 to 18 percent slopes"
273483,"F094AB025MI","6cgk","Cohoctah loam"
273483,"F099XY009MI","6cgk","Cohoctah loam"
273486,"F094AB020MI","6cgn","Croswell-Au Gres association"
273486,"F099XY005MI","6cgn","Croswell-Au Gres association"
273487,"F099XY005MI","6cgn","Croswell-Au Gres association"
273487,"F094AB020MI","6cgn","Croswell-Au Gres association"
273493,"F099XY005MI","6cgq","Croswell-Au Gres-Roscommon association"
273492,"F099XY005MI","6cgq","Croswell-Au Gres-Roscommon association"
273493,"F094AB020MI","6cgq","Croswell-Au Gres-Roscommon association"
273494,"F094AB023MI","6cgq","Croswell-Au Gres-Roscommon association"
273494,"F099XY012MI","6cgq","Croswell-Au Gres-Roscommon association"
273492,"F094AB020MI","6cgq","Croswell-Au Gres-Roscommon association"
273495,"F094AB026MI","6cgr","Edwards muck"
273495,"F098XA006MI","6cgr","Edwards muck"
273499,"F099XY009MI","6cgv","Evart loamy sand"
273499,"F094AB025MI","6cgv","Evart loamy sand"
273500,"F099XY009MI","6cgw","Evart-Winterfield association"
273500,"F094AB025MI","6cgw","Evart-Winterfield association"
273501,"F094AB024MI","6cgw","Evart-Winterfield association"
273501,"F099XY008MI","6cgw","Evart-Winterfield association"
273503,"F099XY005MI","6cgy","Gladwin-Epoufette association"
273503,"F094AB020MI","6cgy","Gladwin-Epoufette association"
273504,"F099XY012MI","6cgy","Gladwin-Epoufette association"
273504,"F094AB023MI","6cgy","Gladwin-Epoufette association"
273505,"F094AB020MI","6cgz","Gladwin loamy sand, 0 to 2 percent slopes"
273505,"F099XY005MI","6cgz","Gladwin loamy sand, 0 to 2 percent slopes"
273513,"F099XY006MI","6ch2","Grayling association, undulating"
273513,"F094AB019MI","6ch2","Grayling association, undulating"
273521,"F094AB023MI","6ch5","Hettinger-Brevort-Burleigh association"
273520,"F099XY012MI","6ch5","Hettinger-Brevort-Burleigh association"
273521,"F099XY012MI","6ch5","Hettinger-Brevort-Burleigh association"
273520,"F094AB023MI","6ch5","Hettinger-Brevort-Burleigh association"
273519,"F094AB017MI","6ch5","Hettinger-Brevort-Burleigh association"
273519,"F099XY013MI","6ch5","Hettinger-Brevort-Burleigh association"
273523,"F099XY014MI","6ch7","Houghton muck"
273523,"F094AB026MI","6ch7","Houghton muck"
273537,"F099XY005MI","6chd","Iosco-Brevort-Ingalls association"
273538,"F094AB023MI","6chd","Iosco-Brevort-Ingalls association"
273537,"F094AB020MI","6chd","Iosco-Brevort-Ingalls association"
273538,"F099XY012MI","6chd","Iosco-Brevort-Ingalls association"
273539,"F094AB020MI","6chd","Iosco-Brevort-Ingalls association"
273539,"F099XY005MI","6chd","Iosco-Brevort-Ingalls association"
273544,"F099XY012MI","6chf","Iosco-Kawkawlin-Brevort association"
273542,"F099XY005MI","6chf","Iosco-Kawkawlin-Brevort association"
273542,"F094AB020MI","6chf","Iosco-Kawkawlin-Brevort association"
273544,"F094AB023MI","6chf","Iosco-Kawkawlin-Brevort association"
273543,"F094AB016MI","6chf","Iosco-Kawkawlin-Brevort association"
273543,"F099XY007MI","6chf","Iosco-Kawkawlin-Brevort association"
273547,"F094AB018MI","6chg","Iosco-Menominee-Brevort association"
273546,"F099XY005MI","6chg","Iosco-Menominee-Brevort association"
273547,"F099XY006MI","6chg","Iosco-Menominee-Brevort association"
273546,"F094AB020MI","6chg","Iosco-Menominee-Brevort association"
273548,"F094AB023MI","6chg","Iosco-Menominee-Brevort association"
273548,"F099XY012MI","6chg","Iosco-Menominee-Brevort association"
273552,"F094AB020MI","6chj","Iosco loamy sand, 2 to 6 percent slopes"
273552,"F098XA018MI","6chj","Iosco loamy sand, 2 to 6 percent slopes"
273555,"F099XY007MI","6chk","Kawkawlin loam, 0 to 2 percent slopes"
273555,"F094AB016MI","6chk","Kawkawlin loam, 0 to 2 percent slopes"
273557,"F094AB016MI","6chl","Kawkawlin loam, 2 to 6 percent slopes"
273557,"F098XA011MI","6chl","Kawkawlin loam, 2 to 6 percent slopes"
273559,"F094AB021MI","6chm","Kinross sand"
273559,"F099XY012MI","6chm","Kinross sand"
273561,"F098XA006MI","6chp","Linwood muck"
273561,"F094AB026MI","6chp","Linwood muck"
273569,"F099XY006MI","6chw","Mancelona sand, 0 to 2 percent slopes"
273569,"F094AB018MI","6chw","Mancelona sand, 0 to 2 percent slopes"
273570,"F094AB018MI","6chx","Mancelona sand, 2 to 6 percent slopes"
273570,"F098XA013MI","6chx","Mancelona sand, 2 to 6 percent slopes"
273571,"F098XA013MI","6chy","Mancelona sand, 6 to 12 percent slopes"
273571,"F094AB018MI","6chy","Mancelona sand, 6 to 12 percent slopes"
273573,"F099XY006MI","6cj0","Mancelona loamy sand, loamy substratum, 0 to 2 percent slopes"
273573,"F094AB018MI","6cj0","Mancelona loamy sand, loamy substratum, 0 to 2 percent slopes"
273574,"F099XY006MI","6cj1","Mancelona loamy sand, loamy substratum, 2 to 6 percent slopes"
273574,"F094AB018MI","6cj1","Mancelona loamy sand, loamy substratum, 2 to 6 percent slopes"
273576,"F094AB026MI","6cj3","Markey muck"
273576,"F099XY014MI","6cj3","Markey muck"
273577,"F094AB018MI","6cj4","Menominee sand, 0 to 2 percent slopes"
273577,"F099XY006MI","6cj4","Menominee sand, 0 to 2 percent slopes"
273578,"F094AB018MI","6cj5","Menominee sand, 2 to 6 percent slopes"
273578,"F099XY006MI","6cj5","Menominee sand, 2 to 6 percent slopes"
273579,"F094AB018MI","6cj6","Menominee sand, 6 to 14 percent slopes"
273579,"F098XA013MI","6cj6","Menominee sand, 6 to 14 percent slopes"
273580,"F094AB018MI","6cj7","Menominee loamy sand, 0 to 2 percent slopes"
273580,"F099XY006MI","6cj7","Menominee loamy sand, 0 to 2 percent slopes"
273581,"F094AB018MI","6cj8","Menominee loamy sand, 2 to 6 percent slopes"
273581,"F099XY006MI","6cj8","Menominee loamy sand, 2 to 6 percent slopes"
273589,"F094AB016MI","6cjh","Nester loam, 0 to 2 percent slopes"
273589,"F099XY007MI","6cjh","Nester loam, 0 to 2 percent slopes"
273591,"F098XA008MI","6cjj","Nester loam, 2 to 6 percent slopes"
273591,"F094AB015MI","6cjj","Nester loam, 2 to 6 percent slopes"
273593,"F098XA008MI","6cjk","Nester loam, 6 to 12 percent slopes"
273593,"F094AB015MI","6cjk","Nester loam, 6 to 12 percent slopes"
273594,"F094AB015MI","6cjl","Nester loam, 6 to 12 percent slopes, eroded"
273594,"F098XA008MI","6cjl","Nester loam, 6 to 12 percent slopes, eroded"
273596,"F094AB015MI","6cjm","Nester loam, 12 to 18 percent slopes"
273596,"F098XA022MI","6cjm","Nester loam, 12 to 18 percent slopes"
273597,"F094AB015MI","6cjn","Nester loam, 12 to 18 percent slopes, eroded"
273597,"F098XA022MI","6cjn","Nester loam, 12 to 18 percent slopes, eroded"
273598,"F098XA022MI","6cjp","Nester loam, 18 to 30 percent slopes"
273598,"F094AB015MI","6cjp","Nester loam, 18 to 30 percent slopes"
273604,"F094AB020MI","6cjw","Otisco loamy sand, 0 to 2 percent slopes"
273604,"F099XY005MI","6cjw","Otisco loamy sand, 0 to 2 percent slopes"
273606,"F094AB017MI","6cjy","Pickford loam"
273606,"F099XY013MI","6cjy","Pickford loam"
273612,"F099XY012MI","6ck2","Roscommon soils"
273612,"F094AB023MI","6ck2","Roscommon soils"
273621,"F094AB018MI","6ck9","Rubicon sand, loamy substratum, 0 to 6 percent slopes"
273621,"F098XA013MI","6ck9","Rubicon sand, loamy substratum, 0 to 6 percent slopes"
273629,"F094AB016MI","6ckf","Rudyard loam, 0 to 2 percent slopes"
273629,"F099XY007MI","6ckf","Rudyard loam, 0 to 2 percent slopes"
273633,"F099XY013MI","6ckj","Sims loam"
273633,"F094AB017MI","6ckj","Sims loam"
273634,"F094AB026MI","6ckk","Tawas muck"
273634,"F099XY014MI","6ckk","Tawas muck"
273635,"F094AB016MI","6ckl","Ubly sandy loam, 0 to 2 percent slopes"
273635,"F099XY007MI","6ckl","Ubly sandy loam, 0 to 2 percent slopes"
273636,"F094AB015MI","6ckm","Ubly sandy loam, 2 to 6 percent slopes"
273636,"F099XY007MI","6ckm","Ubly sandy loam, 2 to 6 percent slopes"
273637,"F094AB015MI","6ckn","Ubly sandy loam, 6 to 12 percent slopes"
273637,"F098XA008MI","6ckn","Ubly sandy loam, 6 to 12 percent slopes"
273639,"F094AB023MI","6ckp","Wainola-Deford association"
273638,"F099XY005MI","6ckp","Wainola-Deford association"
273639,"F099XY012MI","6ckp","Wainola-Deford association"
273638,"F094AB020MI","6ckp","Wainola-Deford association"
274628,"F096XA007MI","6d3p","Alpena gravelly sandy loam, 6 to 18 percent slopes"
274628,"F094AA006MI","6d3p","Alpena gravelly sandy loam, 6 to 18 percent slopes"
274629,"F096XA007MI","6d3q","Alpena gravelly sandy loam, 18 to 35 percent slopes"
274629,"F094AA006MI","6d3q","Alpena gravelly sandy loam, 18 to 35 percent slopes"
274633,"F094CY030MI","6d3s","Angelica-Ensley loams"
274634,"F096XA005MI","6d3s","Angelica-Ensley loams"
274633,"F096XA005MI","6d3s","Angelica-Ensley loams"
274634,"F094CY030MI","6d3s","Angelica-Ensley loams"
274643,"F094AA003MI","6d3z","Barker loam, shallow variant, 2 to 6 percent slopes"
274643,"F096XA004MI","6d3z","Barker loam, shallow variant, 2 to 6 percent slopes"
274656,"F094AA010MI","6d48","Brevort loamy sand"
274656,"F096XA011MI","6d48","Brevort loamy sand"
274657,"F096XA004MI","6d49","Brimley soils, 0 to 6 percent slopes"
274657,"F094AA003MI","6d49","Brimley soils, 0 to 6 percent slopes"
274659,"F096XA005MI","6d4b","Bruce soils"
274659,"F094AA004MI","6d4b","Bruce soils"
274660,"F096XA014MI","6d4c","Carbondale muck"
274660,"F094AA013MI","6d4c","Carbondale muck"
274666,"F094AA003MI","6d4g","Charlevoix-Mackinac loams, 0 to 6 percent slopes"
274665,"F096XA004MI","6d4g","Charlevoix-Mackinac loams, 0 to 6 percent slopes"
274666,"F096XA004MI","6d4g","Charlevoix-Mackinac loams, 0 to 6 percent slopes"
274665,"F094AA003MI","6d4g","Charlevoix-Mackinac loams, 0 to 6 percent slopes"
274681,"F094AA006MI","6d4p","East Lake loamy sand, 0 to 6 percent slopes"
274681,"F096XA007MI","6d4p","East Lake loamy sand, 0 to 6 percent slopes"
274682,"F096XA007MI","6d4q","East Lake loamy sand, 6 to 12 percent slopes"
274682,"F094AA006MI","6d4q","East Lake loamy sand, 6 to 12 percent slopes"
274683,"F096XA007MI","6d4r","Eastport sand, 0 to 6 percent slopes"
274683,"F094AA006MI","6d4r","Eastport sand, 0 to 6 percent slopes"
274685,"F096XA011MI","6d4t","Edmore sandy loam"
274685,"F094AA010MI","6d4t","Edmore sandy loam"
274695,"F094AA002MI","6d4z","Emmet sandy loam, 0 to 2 percent slopes"
274695,"F096XA003MI","6d4z","Emmet sandy loam, 0 to 2 percent slopes"
274696,"F096XA003MI","6d50","Emmet sandy loam, 2 to 6 percent slopes"
274696,"F094AA002MI","6d50","Emmet sandy loam, 2 to 6 percent slopes"
274697,"F094AA002MI","6d51","Emmet sandy loam, 6 to 12 percent slopes"
274697,"F096XA003MI","6d51","Emmet sandy loam, 6 to 12 percent slopes"
274698,"F094AA002MI","6d52","Emmet sandy loam, 12 to 18 percent slopes"
274698,"F096XA003MI","6d52","Emmet sandy loam, 12 to 18 percent slopes"
274699,"F094AA002MI","6d53","Emmet sandy loam, 18 to 25 percent slopes"
274699,"F096XA003MI","6d53","Emmet sandy loam, 18 to 25 percent slopes"
274709,"F096XA006MI","6d58","Emmet-Leelanau complex, 25 to 50 percent slopes"
274709,"F094AA005MI","6d58","Emmet-Leelanau complex, 25 to 50 percent slopes"
274708,"F096XA003MI","6d58","Emmet-Leelanau complex, 25 to 50 percent slopes"
274708,"F094AA002MI","6d58","Emmet-Leelanau complex, 25 to 50 percent slopes"
274710,"F096XA003MI","6d59","Emmet-Onaway sandy loams, 0 to 2 percent slopes"
274710,"F094AA002MI","6d59","Emmet-Onaway sandy loams, 0 to 2 percent slopes"
274711,"F094AA002MI","6d59","Emmet-Onaway sandy loams, 0 to 2 percent slopes"
274711,"F096XA003MI","6d59","Emmet-Onaway sandy loams, 0 to 2 percent slopes"
274715,"F094AA002MI","6d5b","Emmet-Onaway sandy loams, 2 to 6 percent slopes"
274715,"F096XA003MI","6d5b","Emmet-Onaway sandy loams, 2 to 6 percent slopes"
274714,"F096XA003MI","6d5b","Emmet-Onaway sandy loams, 2 to 6 percent slopes"
274714,"F094AA002MI","6d5b","Emmet-Onaway sandy loams, 2 to 6 percent slopes"
274717,"F094AA002MI","6d5c","Emmet-Onaway sandy loams, 6 to 12 percent slopes"
274717,"F096XA003MI","6d5c","Emmet-Onaway sandy loams, 6 to 12 percent slopes"
274716,"F096XA003MI","6d5c","Emmet-Onaway sandy loams, 6 to 12 percent slopes"
274716,"F094AA002MI","6d5c","Emmet-Onaway sandy loams, 6 to 12 percent slopes"
274718,"F096XA003MI","6d5d","Emmet-Onaway sandy loams, 12 to 18 percent slopes"
274719,"F096XA003MI","6d5d","Emmet-Onaway sandy loams, 12 to 18 percent slopes"
274718,"F094AA002MI","6d5d","Emmet-Onaway sandy loams, 12 to 18 percent slopes"
274719,"F094AA002MI","6d5d","Emmet-Onaway sandy loams, 12 to 18 percent slopes"
274723,"F096XA003MI","6d5g","Emmet-Onaway sandy loams, 25 to 50 percent slopes"
274722,"F096XA003MI","6d5g","Emmet-Onaway sandy loams, 25 to 50 percent slopes"
274723,"F094AA002MI","6d5g","Emmet-Onaway sandy loams, 25 to 50 percent slopes"
274722,"F094AA002MI","6d5g","Emmet-Onaway sandy loams, 25 to 50 percent slopes"
274724,"F096XA011MI","6d5h","Epoufette sandy loam"
274724,"F094AA010MI","6d5h","Epoufette sandy loam"
274725,"F094AA007MI","6d5j","Gladwin loamy sand, 0 to 6 percent slopes"
274725,"F096XA008MI","6d5j","Gladwin loamy sand, 0 to 6 percent slopes"
274729,"F094AA007MI","6d5m","Iosco loamy sand, 0 to 6 percent slopes"
274729,"F096XA008MI","6d5m","Iosco loamy sand, 0 to 6 percent slopes"
274731,"F096XA004MI","6d5n","Johnswood cobbly loam, 2 to 12 percent slopes"
274731,"F094AA003MI","6d5n","Johnswood cobbly loam, 2 to 12 percent slopes"
274769,"F094AA013MI","6d6g","Linwood muck"
274769,"F096XA014MI","6d6g","Linwood muck"
274770,"F094AA013MI","6d6h","Lupton muck"
274770,"F096XA014MI","6d6h","Lupton muck"
274786,"F096XA014MI","6d6v","Markey muck"
274786,"F094AA013MI","6d6v","Markey muck"
274787,"F096XA007MI","6d6w","Menominee loamy sand, 0 to 6 percent slopes"
274787,"F094AA006MI","6d6w","Menominee loamy sand, 0 to 6 percent slopes"
274788,"F096XA007MI","6d6x","Menominee loamy sand, 6 to 12 percent slopes"
274788,"F094AA006MI","6d6x","Menominee loamy sand, 6 to 12 percent slopes"
274789,"F096XA005MI","6d6y","Munuscong fine sandy loam"
274789,"F094AA004MI","6d6y","Munuscong fine sandy loam"
274803,"F096XA007MI","6d79","Rubicon sand, 6 to 12 percent slopes"
274803,"F094AA006MI","6d79","Rubicon sand, 6 to 12 percent slopes"
274805,"F096XA007MI","6d7c","Rubicon sand, loamy substratum, 0 to 6 percent slopes"
274805,"F094AA006MI","6d7c","Rubicon sand, loamy substratum, 0 to 6 percent slopes"
274809,"F094CY032MI","6d7g","Saugatuck sand, 0 to 6 percent slopes"
274809,"F096XA008MI","6d7g","Saugatuck sand, 0 to 6 percent slopes"
274815,"F096XA014MI","6d7l","Tawas muck"
274815,"F094AA013MI","6d7l","Tawas muck"
274820,"F096XA013MI","6d7r","Wet alluvial land"
274820,"F094AA012MI","6d7r","Wet alluvial land"
274887,"F094CY028MI","6d9w","Onaway loam, 18 to 25 percent slopes"
274887,"F094AB015MI","6d9w","Onaway loam, 18 to 25 percent slopes"
275031,"F096XB021MI","6dgq","Au Gres-Finch sands, 0 to 4 percent slopes"
275030,"F094AA007MI","6dgq","Au Gres-Finch sands, 0 to 4 percent slopes"
275030,"F096XB021MI","6dgq","Au Gres-Finch sands, 0 to 4 percent slopes"
275031,"F094AA007MI","6dgq","Au Gres-Finch sands, 0 to 4 percent slopes"
275043,"F096XB021MI","6dgy","Allendale loamy sand, 0 to 4 percent slopes"
275043,"F094AA007MI","6dgy","Allendale loamy sand, 0 to 4 percent slopes"
275044,"F094AA005MI","6dgz","Kalkaska sand, 0 to 6 percent slopes"
275044,"F096XB019MI","6dgz","Kalkaska sand, 0 to 6 percent slopes"
275049,"F096XB017MI","6dh3","Kawkawlin loam, 0 to 4 percent slopes"
275049,"F094AA003MI","6dh3","Kawkawlin loam, 0 to 4 percent slopes"
275050,"F096XB028MI","6dh4","Loxley peat"
275050,"F094AA014MI","6dh4","Loxley peat"
275053,"F094AA006MI","6dh6","Montcalm-Graycalm complex, 0 to 6 percent slopes"
275052,"F096XB019MI","6dh6","Montcalm-Graycalm complex, 0 to 6 percent slopes"
275053,"F096XB020MI","6dh6","Montcalm-Graycalm complex, 0 to 6 percent slopes"
275052,"F094AA006MI","6dh6","Montcalm-Graycalm complex, 0 to 6 percent slopes"
275054,"F094AA006MI","6dh7","Montcalm-Graycalm complex, 6 to 12 percent slopes"
275055,"F094AA006MI","6dh7","Montcalm-Graycalm complex, 6 to 12 percent slopes"
275055,"F096XB020MI","6dh7","Montcalm-Graycalm complex, 6 to 12 percent slopes"
275054,"F096XB019MI","6dh7","Montcalm-Graycalm complex, 6 to 12 percent slopes"
275056,"F094AA006MI","6dh8","Montcalm-Graycalm complex, 12 to 30 percent slopes"
275056,"F096XB019MI","6dh8","Montcalm-Graycalm complex, 12 to 30 percent slopes"
275057,"F096XB020MI","6dh8","Montcalm-Graycalm complex, 12 to 30 percent slopes"
275057,"F094AA006MI","6dh8","Montcalm-Graycalm complex, 12 to 30 percent slopes"
275058,"F096XB016MI","6dh9","Nester sandy loam, 1 to 6 percent slopes"
275058,"F094AA002MI","6dh9","Nester sandy loam, 1 to 6 percent slopes"
275059,"F096XB016MI","6dhb","Nester sandy loam, 6 to 12 percent slopes"
275059,"F094AA002MI","6dhb","Nester sandy loam, 6 to 12 percent slopes"
275060,"F094AA002MI","6dhc","Nester loam, 12 to 40 percent slopes"
275060,"F096XB016MI","6dhc","Nester loam, 12 to 40 percent slopes"
275061,"F096XB027MI","6dhd","Tawas-Roscommon association"
275061,"F094AA013MI","6dhd","Tawas-Roscommon association"
275062,"F094AA010MI","6dhd","Tawas-Roscommon association"
275062,"F096XB024MI","6dhd","Tawas-Roscommon association"
275065,"F094AA006MI","6dhh","Rubicon sand, 12 to 40 percent slopes, severely eroded"
275065,"F096XB019MI","6dhh","Rubicon sand, 12 to 40 percent slopes, severely eroded"
275067,"F096XB019MI","6dhk","Manistee-Montcalm loamy sands, 0 to 6 percent slopes"
275067,"F094AA006MI","6dhk","Manistee-Montcalm loamy sands, 0 to 6 percent slopes"
275068,"F096XB019MI","6dhk","Manistee-Montcalm loamy sands, 0 to 6 percent slopes"
275068,"F094AA006MI","6dhk","Manistee-Montcalm loamy sands, 0 to 6 percent slopes"
275070,"F096XB019MI","6dhl","Manistee-Montcalm loamy sands, 6 to 12 percent slopes"
275070,"F094AA006MI","6dhl","Manistee-Montcalm loamy sands, 6 to 12 percent slopes"
275069,"F094AA006MI","6dhl","Manistee-Montcalm loamy sands, 6 to 12 percent slopes"
275069,"F096XB019MI","6dhl","Manistee-Montcalm loamy sands, 6 to 12 percent slopes"
275076,"F094AA005MI","6dhq","Kalkaska-East Lake sands, 0 to 6 percent slopes"
275077,"F096XB019MI","6dhq","Kalkaska-East Lake sands, 0 to 6 percent slopes"
275076,"F096XB019MI","6dhq","Kalkaska-East Lake sands, 0 to 6 percent slopes"
275077,"F094AA006MI","6dhq","Kalkaska-East Lake sands, 0 to 6 percent slopes"
275086,"F094AA006MI","6dhv","Mancelona-East Lake complex, 0 to 6 percent slopes"
275085,"F094AA006MI","6dhv","Mancelona-East Lake complex, 0 to 6 percent slopes"
275086,"F096XB019MI","6dhv","Mancelona-East Lake complex, 0 to 6 percent slopes"
275085,"F096XB019MI","6dhv","Mancelona-East Lake complex, 0 to 6 percent slopes"
275090,"F096XB026MI","6dhz","Fluvaquents and Histosols"
275091,"F096XB026MI","6dhz","Fluvaquents and Histosols"
275091,"F094AA012MI","6dhz","Fluvaquents and Histosols"
275090,"F094AA012MI","6dhz","Fluvaquents and Histosols"
275793,"F099XY014MI","6fq7","Dorval muck"
275793,"F094AB026MI","6fq7","Dorval muck"
275804,"F099XY007MI","6fr4","Udorthents, loamy, very steep"
275804,"F094AB015MI","6fr4","Udorthents, loamy, very steep"
276004,"F094AB020MI","6fm7","Proper-Leafriver complex, 0 to 6 percent slopes"
276005,"F099XY013MI","6fm7","Proper-Leafriver complex, 0 to 6 percent slopes"
276005,"F094AB017MI","6fm7","Proper-Leafriver complex, 0 to 6 percent slopes"
276004,"F099XY005MI","6fm7","Proper-Leafriver complex, 0 to 6 percent slopes"
276010,"F094AB016MI","6fmc","Algonquin-Springport complex, 0 to 3 percent slopes"
276011,"F094AB017MI","6fmc","Algonquin-Springport complex, 0 to 3 percent slopes"
276011,"F099XY013MI","6fmc","Algonquin-Springport complex, 0 to 3 percent slopes"
276010,"F099XY007MI","6fmc","Algonquin-Springport complex, 0 to 3 percent slopes"
276375,"F094CY030MI","6g1r","Wakeley muck"
276375,"F094AB017MI","6g1r","Wakeley muck"
276580,"F094AA007MI","6g73","Au Gres loamy sand, 0 to 3 percent slopes"
276580,"F094AB020MI","6g73","Au Gres loamy sand, 0 to 3 percent slopes"
276584,"F094AA013MI","6g76","Tawas mucky peat"
276584,"F094AB026MI","6g76","Tawas mucky peat"
277461,"F094AA006MI","6h4f","Typic Udipsamments, rolling"
277461,"F096XB020MI","6h4f","Typic Udipsamments, rolling"
277472,"F094AA006MI","6h4k","Typic Udipsamments, banded substratum-Lamellic Udipsamments complex, rolling"
277473,"F094AA006MI","6h4k","Typic Udipsamments, banded substratum-Lamellic Udipsamments complex, rolling"
277473,"F096XB020MI","6h4k","Typic Udipsamments, banded substratum-Lamellic Udipsamments complex, rolling"
277472,"F096XB020MI","6h4k","Typic Udipsamments, banded substratum-Lamellic Udipsamments complex, rolling"
277478,"F096XB020MI","6h4l","Typic Udipsamments, banded substratum-Lamellic Udipsamments complex, hilly"
277478,"F094AA006MI","6h4l","Typic Udipsamments, banded substratum-Lamellic Udipsamments complex, hilly"
277477,"F094AA006MI","6h4l","Typic Udipsamments, banded substratum-Lamellic Udipsamments complex, hilly"
277477,"F096XB020MI","6h4l","Typic Udipsamments, banded substratum-Lamellic Udipsamments complex, hilly"
277488,"F096XB019MI","6h4s","Entic Haplorthods, banded substratum-Lamellic Haplorthods complex, sandy, rolling"
1201584,"F096XB019MI","6h4s","Entic Haplorthods, banded substratum-Lamellic Haplorthods complex, sandy, rolling"
1201584,"F094AA006MI","6h4s","Entic Haplorthods, banded substratum-Lamellic Haplorthods complex, sandy, rolling"
277488,"F094AA006MI","6h4s","Entic Haplorthods, banded substratum-Lamellic Haplorthods complex, sandy, rolling"
277493,"F094AA006MI","6h4t","Entic Haplorthods, banded substratum-Lamellic Haplorthods complex, sandy, hilly"
277493,"F096XA007MI","6h4t","Entic Haplorthods, banded substratum-Lamellic Haplorthods complex, sandy, hilly"
1201585,"F094AA006MI","6h4t","Entic Haplorthods, banded substratum-Lamellic Haplorthods complex, sandy, hilly"
1201585,"F096XA007MI","6h4t","Entic Haplorthods, banded substratum-Lamellic Haplorthods complex, sandy, hilly"
1201586,"F096XB019MI","6h4v","Entic Haplorthods, banded substratum-Lamellic Haplorthods complex, sandy, steep"
277498,"F094AA006MI","6h4v","Entic Haplorthods, banded substratum-Lamellic Haplorthods complex, sandy, steep"
277498,"F096XB019MI","6h4v","Entic Haplorthods, banded substratum-Lamellic Haplorthods complex, sandy, steep"
1201586,"F094AA006MI","6h4v","Entic Haplorthods, banded substratum-Lamellic Haplorthods complex, sandy, steep"
277508,"F096XB019MI","6h4x","Alfic Haplorthods-Lamellic Haplorthods complex, sandy, nearly level and undulating"
277507,"F094AA006MI","6h4x","Alfic Haplorthods-Lamellic Haplorthods complex, sandy, nearly level and undulating"
277507,"F096XB019MI","6h4x","Alfic Haplorthods-Lamellic Haplorthods complex, sandy, nearly level and undulating"
277508,"F094AA006MI","6h4x","Alfic Haplorthods-Lamellic Haplorthods complex, sandy, nearly level and undulating"
277513,"F096XB019MI","6h4y","Alfic Haplorthods-Lamellic Haplorthods complex, sandy, rolling"
277512,"F096XB019MI","6h4y","Alfic Haplorthods-Lamellic Haplorthods complex, sandy, rolling"
277513,"F094AA006MI","6h4y","Alfic Haplorthods-Lamellic Haplorthods complex, sandy, rolling"
277512,"F094AA006MI","6h4y","Alfic Haplorthods-Lamellic Haplorthods complex, sandy, rolling"
277518,"F094AA006MI","6h4z","Alfic Haplorthods-Lamellic Haplorthods complex, sandy, hilly"
277517,"F094AA006MI","6h4z","Alfic Haplorthods-Lamellic Haplorthods complex, sandy, hilly"
277518,"F096XB019MI","6h4z","Alfic Haplorthods-Lamellic Haplorthods complex, sandy, hilly"
277517,"F096XB019MI","6h4z","Alfic Haplorthods-Lamellic Haplorthods complex, sandy, hilly"
277534,"F096XB019MI","6h54","Typic Haplorthods, sandy, nearly level and undulating"
277534,"F094AA005MI","6h54","Typic Haplorthods, sandy, nearly level and undulating"
277538,"F096XB019MI","6h55","Typic Haplorthods, sandy, rolling"
277538,"F094AA005MI","6h55","Typic Haplorthods, sandy, rolling"
277542,"F094AA005MI","6h56","Typic Haplorthods, sandy, hilly"
277542,"F096XB019MI","6h56","Typic Haplorthods, sandy, hilly"
277546,"F094AA005MI","6h57","Typic Haplorthods, sandy, steep"
277546,"F096XA006MI","6h57","Typic Haplorthods, sandy, steep"
277558,"F096XB019MI","6h5b","Typic Haplorthods, loamy substratum-Alfic Haplorthods, dark subsoil, complex, sandy, hilly"
1059316,"F096XB019MI","6h5b","Typic Haplorthods, loamy substratum-Alfic Haplorthods, dark subsoil, complex, sandy, hilly"
1059316,"F094AA006MI","6h5b","Typic Haplorthods, loamy substratum-Alfic Haplorthods, dark subsoil, complex, sandy, hilly"
277558,"F094AA005MI","6h5b","Typic Haplorthods, loamy substratum-Alfic Haplorthods, dark subsoil, complex, sandy, hilly"
277646,"F096XB020MI","6h71","Typic Udipsamments, banded substratum-Lamellic Udipsamments complex, very steep"
277645,"F096XB020MI","6h71","Typic Udipsamments, banded substratum-Lamellic Udipsamments complex, very steep"
277645,"F094AA006MI","6h71","Typic Udipsamments, banded substratum-Lamellic Udipsamments complex, very steep"
277646,"F094AA006MI","6h71","Typic Udipsamments, banded substratum-Lamellic Udipsamments complex, very steep"
277666,"F096XA007MI","6h78","Entic Haplorthods, sandy, nearly level and undulating"
277666,"F094AA006MI","6h78","Entic Haplorthods, sandy, nearly level and undulating"
277670,"F094AA006MI","6h7d","Entic Haplorthods, sandy, rolling"
277670,"F096XB019MI","6h7d","Entic Haplorthods, sandy, rolling"
277674,"F096XB019MI","6h7c","Entic Haplorthods, sandy, hilly"
277674,"F094AA006MI","6h7c","Entic Haplorthods, sandy, hilly"
277675,"F094AA006MI","6h7b","Entic Haplorthods, sandy, steep"
277675,"F096XA007MI","6h7b","Entic Haplorthods, sandy, steep"
277676,"F096XB019MI","6h79","Entic Haplorthods, sandy, very steep"
277676,"F094AA006MI","6h79","Entic Haplorthods, sandy, very steep"
277682,"F096XB019MI","6h7g","Lamellic Haplorthods-Entic Haplorthods, banded substratum, complex, sandy, hilly"
1201589,"F094AA006MI","6h7g","Lamellic Haplorthods-Entic Haplorthods, banded substratum, complex, sandy, hilly"
277682,"F094AA006MI","6h7g","Lamellic Haplorthods-Entic Haplorthods, banded substratum, complex, sandy, hilly"
1201589,"F096XB019MI","6h7g","Lamellic Haplorthods-Entic Haplorthods, banded substratum, complex, sandy, hilly"
277687,"F094AA006MI","6h7j","Lamellic Haplorthods-Entic Haplorthods, banded substratum, complex, sandy, steep"
1201590,"F096XB019MI","6h7j","Lamellic Haplorthods-Entic Haplorthods, banded substratum, complex, sandy, steep"
1201590,"F094AA006MI","6h7j","Lamellic Haplorthods-Entic Haplorthods, banded substratum, complex, sandy, steep"
277687,"F096XB019MI","6h7j","Lamellic Haplorthods-Entic Haplorthods, banded substratum, complex, sandy, steep"
277698,"F096XA007MI","6h7l","Alfic Haplorthods-Lamellic Haplorthods complex, sandy, steep"
277697,"F096XA007MI","6h7l","Alfic Haplorthods-Lamellic Haplorthods complex, sandy, steep"
277697,"F094AA006MI","6h7l","Alfic Haplorthods-Lamellic Haplorthods complex, sandy, steep"
277698,"F094AA006MI","6h7l","Alfic Haplorthods-Lamellic Haplorthods complex, sandy, steep"
277703,"F096XB019MI","6h7m","Alfic Haplorthods-Lamellic Haplorthods complex, sandy, very steep"
277702,"F096XB019MI","6h7m","Alfic Haplorthods-Lamellic Haplorthods complex, sandy, very steep"
277702,"F094AA006MI","6h7m","Alfic Haplorthods-Lamellic Haplorthods complex, sandy, very steep"
277703,"F094AA006MI","6h7m","Alfic Haplorthods-Lamellic Haplorthods complex, sandy, very steep"
277717,"F096XB019MI","6h7q","Typic Haplorthods, banded substratum-Lamellic Haplorthods, dark subsoil, complex, sandy, rolling"
277716,"F094AA006MI","6h7q","Typic Haplorthods, banded substratum-Lamellic Haplorthods, dark subsoil, complex, sandy, rolling"
277717,"F094AA005MI","6h7q","Typic Haplorthods, banded substratum-Lamellic Haplorthods, dark subsoil, complex, sandy, rolling"
277716,"F096XB019MI","6h7q","Typic Haplorthods, banded substratum-Lamellic Haplorthods, dark subsoil, complex, sandy, rolling"
277742,"F094AA005MI","6h81","Typic Haplorthods, loamy substratum-Alfic Haplorthods, dark subsoil, complex, sandy, steep"
1059317,"F096XB019MI","6h81","Typic Haplorthods, loamy substratum-Alfic Haplorthods, dark subsoil, complex, sandy, steep"
1059317,"F094AA006MI","6h81","Typic Haplorthods, loamy substratum-Alfic Haplorthods, dark subsoil, complex, sandy, steep"
277742,"F096XB019MI","6h81","Typic Haplorthods, loamy substratum-Alfic Haplorthods, dark subsoil, complex, sandy, steep"
279532,"F096XA007MI","6hc3","Spinks-Shavenaugh sands, 12 to 18 percent slopes"
279532,"F094AA006MI","6hc3","Spinks-Shavenaugh sands, 12 to 18 percent slopes"
279533,"F096XA007MI","6hc3","Spinks-Shavenaugh sands, 12 to 18 percent slopes"
279533,"F094AA006MI","6hc3","Spinks-Shavenaugh sands, 12 to 18 percent slopes"
288566,"F096XB020MI","6s6q","Lamellic Udipsamments-Typic Udipsamments, banded substratum, complex, rolling"
288566,"F094AA006MI","6s6q","Lamellic Udipsamments-Typic Udipsamments, banded substratum, complex, rolling"
288565,"F096XB020MI","6s6q","Lamellic Udipsamments-Typic Udipsamments, banded substratum, complex, rolling"
288565,"F094AA006MI","6s6q","Lamellic Udipsamments-Typic Udipsamments, banded substratum, complex, rolling"
1189198,"F094AA006MI","z0d0","Boyer-Shavenaugh complex, 35 to 50 percent slopes"
1189197,"F096XA003MI","z0d0","Boyer-Shavenaugh complex, 35 to 50 percent slopes"
1189198,"F096XA007MI","z0d0","Boyer-Shavenaugh complex, 35 to 50 percent slopes"
1189197,"F094AA002MI","z0d0","Boyer-Shavenaugh complex, 35 to 50 percent slopes"
1238594,"F099XY007MI","y5qs","Udorthents, nearly level and undulating"
1238594,"F094AB015MI","y5qs","Udorthents, nearly level and undulating"
1537158,"F096XA008MI","6dqq","Au Gres sand, 0 to 3 percent slopes"
1537158,"F094AB020MI","6cc4","Au Gres sand, 0 to 3 percent slopes"
1537158,"F094AB020MI","6dcg","Au Gres sand, 0 to 3 percent slopes"
1537158,"F096XA008MI","6cc4","Au Gres sand, 0 to 3 percent slopes"
1537158,"F096XA008MI","6f70","Au Gres sand, 0 to 3 percent slopes"
1537158,"F094AB020MI","6dqq","Au Gres sand, 0 to 3 percent slopes"
1537158,"F094AB020MI","6f70","Au Gres sand, 0 to 3 percent slopes"
1537158,"F096XA008MI","835h","Au Gres sand, 0 to 3 percent slopes"
1537158,"F096XA008MI","6dcg","Au Gres sand, 0 to 3 percent slopes"
1537158,"F094AB020MI","835h","Au Gres sand, 0 to 3 percent slopes"
1403270,"F096XA004MI","6ddg","Negwegon silt loam, 2 to 6 percent slopes"
1403270,"F096XA004MI","834y","Negwegon silt loam, 2 to 6 percent slopes"
1403270,"F094AB016MI","6ddg","Negwegon silt loam, 2 to 6 percent slopes"
1403270,"F094AB016MI","834y","Negwegon silt loam, 2 to 6 percent slopes"
1403273,"F096XA004MI","6ddh","Negwegon silt loam, 6 to 12 percent slopes"
1403273,"F096XA004MI","6mlq","Negwegon silt loam, 6 to 12 percent slopes"
1403273,"F094AB016MI","6mlq","Negwegon silt loam, 6 to 12 percent slopes"
1403273,"F094AB016MI","6ddh","Negwegon silt loam, 6 to 12 percent slopes"
1403412,"F096XA008MI","6dgg","Gladwin loamy sand, 0 to 3 percent slopes"
1403412,"F094AA007MI","6dgg","Gladwin loamy sand, 0 to 3 percent slopes"
1403412,"F094AA007MI","6fb2","Gladwin loamy sand, 0 to 3 percent slopes"
1403412,"F096XA008MI","6fb2","Gladwin loamy sand, 0 to 3 percent slopes"
1403428,"F096XA005MI","836w","Wakeley muck"
1403428,"F096XA005MI","6dg3","Wakeley muck"
1403428,"F094AB017MI","836w","Wakeley muck"
1403428,"F094AB017MI","6f9t","Wakeley muck"
1403428,"F096XA005MI","6f9t","Wakeley muck"
1403428,"F094AB017MI","6dg3","Wakeley muck"
1403451,"F094AB017MI","6ddx","Springport silt loam"
1403451,"F096XA005MI","6ddx","Springport silt loam"
1403451,"F096XA005MI","908j","Springport silt loam"
1403451,"F094AB017MI","908j","Springport silt loam"
1403754,"F096XA006MI","6dcv","Islandlake sand, 6 to 12 percent slopes"
1403754,"F094AA005MI","6f7n","Islandlake sand, 6 to 12 percent slopes"
1403754,"F096XA006MI","6f7n","Islandlake sand, 6 to 12 percent slopes"
1403754,"F094AA005MI","6dcv","Islandlake sand, 6 to 12 percent slopes"
1403759,"F096XA006MI","6dcx","Islandlake sand, 18 to 35 percent slopes"
1403759,"F094AA005MI","p2mz","Islandlake sand, 18 to 35 percent slopes"
1403759,"F096XA006MI","p2mz","Islandlake sand, 18 to 35 percent slopes"
1403759,"F094AA005MI","6dcx","Islandlake sand, 18 to 35 percent slopes"
1403811,"F096XA007MI","6dfp","Rubicon sand, calcareous substratum, 6 to 18 percent slopes"
1403811,"F094AA006MI","6dfp","Rubicon sand, calcareous substratum, 6 to 18 percent slopes"
1403814,"F096XA007MI","6dfn","Rubicon sand, calcareous substratum, 18 to 35 percent slopes"
1403814,"F094AA006MI","6dfn","Rubicon sand, calcareous substratum, 18 to 35 percent slopes"
1403822,"F094AA006MI","6dfq","Rubicon, calcareous substratum-Mancelona sands, 0 to 6 percent slopes"
1403822,"F096XA007MI","6dfq","Rubicon, calcareous substratum-Mancelona sands, 0 to 6 percent slopes"
1403821,"F096XA007MI","6dfq","Rubicon, calcareous substratum-Mancelona sands, 0 to 6 percent slopes"
1403821,"F094AA006MI","6dfq","Rubicon, calcareous substratum-Mancelona sands, 0 to 6 percent slopes"
1403825,"F096XA007MI","6dfr","Rubicon, calcareous substratum-Mancelona sands, 6 to 12 percent slopes"
1403825,"F094AA006MI","6dfr","Rubicon, calcareous substratum-Mancelona sands, 6 to 12 percent slopes"
1403826,"F094AA006MI","6dfr","Rubicon, calcareous substratum-Mancelona sands, 6 to 12 percent slopes"
1403826,"F096XA007MI","6dfr","Rubicon, calcareous substratum-Mancelona sands, 6 to 12 percent slopes"
1403829,"F094AA006MI","6dfs","Rubicon, calcareous substratum-Mancelona sands, 12 to 18 percent slopes"
1403829,"F096XA007MI","6dfs","Rubicon, calcareous substratum-Mancelona sands, 12 to 18 percent slopes"
1403830,"F096XA007MI","6dfs","Rubicon, calcareous substratum-Mancelona sands, 12 to 18 percent slopes"
1403830,"F094AA006MI","6dfs","Rubicon, calcareous substratum-Mancelona sands, 12 to 18 percent slopes"
1403833,"F094AA006MI","6dft","Rubicon, calcareous substratum-Mancelona sands, 18 to 35 percent slopes"
1403832,"F094AA006MI","6dft","Rubicon, calcareous substratum-Mancelona sands, 18 to 35 percent slopes"
1403832,"F096XA007MI","6dft","Rubicon, calcareous substratum-Mancelona sands, 18 to 35 percent slopes"
1403833,"F096XA007MI","6dft","Rubicon, calcareous substratum-Mancelona sands, 18 to 35 percent slopes"
1404471,"F094AA005MI","6dfz","Islandlake loamy sand, 6 to 12 percent slopes"
1404471,"F096XA006MI","6f89","Islandlake loamy sand, 6 to 12 percent slopes"
1404471,"F096XA006MI","6dfz","Islandlake loamy sand, 6 to 12 percent slopes"
1404471,"F094AA005MI","6f89","Islandlake loamy sand, 6 to 12 percent slopes"
1405840,"F096XA006MI","6dg8","Springlake sand, 12 to 18 percent slopes"
1405840,"F094AA005MI","6dg8","Springlake sand, 12 to 18 percent slopes"
1405841,"F096XA006MI","6dg4","Springlake sand, 18 to 35 percent slopes"
1405841,"F094AA005MI","6dg4","Springlake sand, 18 to 35 percent slopes"
1845619,"F099XY005MI","683s","Guelph-Menominee complex, 2 to 8 percent slopes"
1845620,"F099XY007MI","683s","Guelph-Menominee complex, 2 to 8 percent slopes"
1845620,"F094AB016MI","683s","Guelph-Menominee complex, 2 to 8 percent slopes"
1845619,"F094AB020MI","683s","Guelph-Menominee complex, 2 to 8 percent slopes"
1846092,"F098XA019MI","68gn","Perrin loamy sand, 0 to 2 percent slopes"
1846092,"F098XA019MI","2lwmm","Perrin loamy sand, 0 to 2 percent slopes"
1846092,"F099XY005MI","2mc5q","Perrin loamy sand, 0 to 2 percent slopes"
1846092,"F099XY005MI","68gn","Perrin loamy sand, 0 to 2 percent slopes"
1846092,"F099XY005MI","2lwmm","Perrin loamy sand, 0 to 2 percent slopes"
1846092,"F098XA019MI","2mc5q","Perrin loamy sand, 0 to 2 percent slopes"
1898126,"R096XY001MI","2ptcf","Dune land"
1898126,"R097XA001MI","2ptcf","Dune land"
2093933,"F097XA010MI","2rfgm","Plainfield sand, high ecological site, 18 to 30 percent slopes"
2093933,"F096XB019MI","2rfgm","Plainfield sand, high ecological site, 18 to 30 percent slopes"
2093941,"F097XA010MI","2rfgq","Plainfield sand, 18 to 30 percent slopes"
2093941,"F096XB020MI","2rfgq","Plainfield sand, 18 to 30 percent slopes"
2093944,"F097XA010MI","2rfgs","Plainfield sand, 30 to 60 percent slopes"
2093944,"F096XB020MI","2rfgs","Plainfield sand, 30 to 60 percent slopes"
2140934,"F098XA017MI","2rfgt","Morocco-Brems sands, 0 to 3 percent slopes"
2140934,"F096XB021MI","2rfgt","Morocco-Brems sands, 0 to 3 percent slopes"
1976382,"F096XB021MI","2rfgt","Morocco-Brems sands, 0 to 3 percent slopes"
1976382,"F098XA018MI","2rfgt","Morocco-Brems sands, 0 to 3 percent slopes"
2144329,"F096XB021MI","2rfgw","Covert-Pipestone sands, 0 to 6 percent slopes"
2144329,"F097XA006MI","2rfgw","Covert-Pipestone sands, 0 to 6 percent slopes"
2144330,"F097XA006MI","2rfgw","Covert-Pipestone sands, 0 to 6 percent slopes"
2144330,"F096XB021MI","2rfgw","Covert-Pipestone sands, 0 to 6 percent slopes"
1976340,"F098XA013MI","2rfgl","Plainfield-Spinks sands, 0 to 6 percent slopes"
1976340,"F096XB020MI","2rfgl","Plainfield-Spinks sands, 0 to 6 percent slopes"
2097728,"F096XB020MI","2rfgl","Plainfield-Spinks sands, 0 to 6 percent slopes"
2097728,"F098XA013MI","2rfgl","Plainfield-Spinks sands, 0 to 6 percent slopes"
2105747,"F099XY005MI","2qz4j","Pipestone sand, loamy substratum, 2 to 6 percent slopes"
2105747,"F094AB020MI","2qz4j","Pipestone sand, loamy substratum, 2 to 6 percent slopes"
2105763,"F094AB018MI","2qz4m","Pipestone-Grattan association"
2105762,"F094AB020MI","2qz4m","Pipestone-Grattan association"
2105763,"F099XY006MI","2qz4m","Pipestone-Grattan association"
2105762,"F099XY005MI","2qz4m","Pipestone-Grattan association"
2105775,"F099XY006MI","2qz4r","Eastport-Grattan sands, 12 to 18 percent slopes"
2105774,"F094AB018MI","2qz4r","Eastport-Grattan sands, 12 to 18 percent slopes"
2105775,"F094AB018MI","2qz4r","Eastport-Grattan sands, 12 to 18 percent slopes"
2105774,"F099XY006MI","2qz4r","Eastport-Grattan sands, 12 to 18 percent slopes"
2105791,"F099XY006MI","2qz4y","Grattan loamy sand, moderately fine substratum, 0 to 6 percent slopes"
2105791,"F094AB018MI","2qz4y","Grattan loamy sand, moderately fine substratum, 0 to 6 percent slopes"
2105795,"F094AB018MI","2qz4z","Grattan sand, 0 to 6 percent slopes"
2105795,"F099XY006MI","2qz4z","Grattan sand, 0 to 6 percent slopes"
2105805,"F094AB018MI","2qz55","Grattan sand, moderately fine substratum, 6 to 12 percent slopes"
2105805,"F099XY006MI","2qz55","Grattan sand, moderately fine substratum, 6 to 12 percent slopes"
2105808,"F094AB018MI","2qz56","Grattan sand, moderately fine substratum, 12 to 18 percent slopes"
2105808,"F099XY006MI","2qz56","Grattan sand, moderately fine substratum, 12 to 18 percent slopes"
2105811,"F094AB018MI","2qz57","Grattan association, undulating"
2105811,"F099XY006MI","2qz57","Grattan association, undulating"
2105813,"F099XY014MI","2qz58","Timakwa peat and muck"
2105813,"F094AB026MI","2qz58","Timakwa peat and muck"
2105835,"F099XY005MI","2qz5g","Pipestone-Kinross association"
2105835,"F094AB020MI","2qz5g","Pipestone-Kinross association"
2105836,"F099XY012MI","2qz5g","Pipestone-Kinross association"
2105836,"F094AB021MI","2qz5g","Pipestone-Kinross association"
2105883,"F099XY005MI","2qz5y","Grayling-Covert-Pipestone association"
2105884,"F099XY005MI","2qz5y","Grayling-Covert-Pipestone association"
2105882,"F094AB019MI","2qz5y","Grayling-Covert-Pipestone association"
2105882,"F099XY006MI","2qz5y","Grayling-Covert-Pipestone association"
2105883,"F094AB020MI","2qz5y","Grayling-Covert-Pipestone association"
2105884,"F094AB020MI","2qz5y","Grayling-Covert-Pipestone association"
2105899,"F094AB026MI","2qz60","Roscommon-Brevort-Timakwa association"
2105899,"F099XY014MI","2qz60","Roscommon-Brevort-Timakwa association"
2105897,"F099XY012MI","2qz60","Roscommon-Brevort-Timakwa association"
2105897,"F094AB023MI","2qz60","Roscommon-Brevort-Timakwa association"
2105898,"F099XY012MI","2qz60","Roscommon-Brevort-Timakwa association"
2105898,"F094AB023MI","2qz60","Roscommon-Brevort-Timakwa association"
2105900,"F094AB017MI","2qz61","Roscommon-Timakwa association"
2105900,"F099XY013MI","2qz61","Roscommon-Timakwa association"
2105901,"F099XY014MI","2qz61","Roscommon-Timakwa association"
2105901,"F094AB026MI","2qz61","Roscommon-Timakwa association"
2106645,"F094AB019MI","6ch3","Grayling association, rolling"
2106645,"F099XY006MI","6ch3","Grayling association, rolling"
2119967,"F096XA007MI","2qz6l","Rubicon sand, 0 to 6 percent slopes"
2119967,"F094AA006MI","2qz6l","Rubicon sand, 0 to 6 percent slopes"
2281385,"F097XA004MI","2tpkb","Coloma-Brems-Fern complex, 0 to 6 percent slopes"
2281385,"F096XB019MI","2tpkb","Coloma-Brems-Fern complex, 0 to 6 percent slopes"
2281430,"F096XB021MI","2tpkb","Coloma-Brems-Fern complex, 0 to 6 percent slopes"
2281430,"F097XA006MI","2tpkb","Coloma-Brems-Fern complex, 0 to 6 percent slopes"
2281404,"F097XA012MI","2tpkb","Coloma-Brems-Fern complex, 0 to 6 percent slopes"
2281404,"F096XB023MI","2tpkb","Coloma-Brems-Fern complex, 0 to 6 percent slopes"
2281431,"F097XA006MI","2tpkc","Coloma-Brems-Metea complex, 6 to 12 percent slopes"
2281394,"F097XA004MI","2tpkc","Coloma-Brems-Metea complex, 6 to 12 percent slopes"
2281431,"F096XB021MI","2tpkc","Coloma-Brems-Metea complex, 6 to 12 percent slopes"
2281425,"F096XB019MI","2tpkc","Coloma-Brems-Metea complex, 6 to 12 percent slopes"
2281394,"F096XB019MI","2tpkc","Coloma-Brems-Metea complex, 6 to 12 percent slopes"
2281425,"F097XA004MI","2tpkc","Coloma-Brems-Metea complex, 6 to 12 percent slopes"
2281445,"F096XB017MI","2tpkl","Marlette loam, 2 to 6 percent slopes"
2281445,"F098XA011MI","2tpkl","Marlette loam, 2 to 6 percent slopes"
2281470,"F098XA013MI","2tpkp","Spinks loamy sand, 0 to 6 percent slopes"
2281470,"F094AA006MI","2tpkp","Spinks loamy sand, 0 to 6 percent slopes"
2281470,"F096XB019MI","2tpkp","Spinks loamy sand, 0 to 6 percent slopes"
2281483,"F094AA006MI","2tpkq","Spinks loamy sand, 6 to 12 percent slopes"
2281483,"F098XA013MI","2tpkq","Spinks loamy sand, 6 to 12 percent slopes"
2281483,"F096XB019MI","2tpkq","Spinks loamy sand, 6 to 12 percent slopes"
2281492,"F094AA006MI","2tpkr","Spinks loamy sand, 12 to 18 percent slopes"
2281492,"F098XA021MI","2tpkr","Spinks loamy sand, 12 to 18 percent slopes"
2393861,"F096XB020MI","2w5ls","Plainfield sand, 6 to 12 percent slopes, spodic minor component"
2393861,"F098XA013MI","2w5ls","Plainfield sand, 6 to 12 percent slopes, spodic minor component"
2393946,"F096XB016MI","2w5m9","Onekama loam, Lake Michigan Lobe, 2 to 6 percent slopes"
2393946,"F097XA018MI","2w5m9","Onekama loam, Lake Michigan Lobe, 2 to 6 percent slopes"
2393965,"F097XA022MI","2w5m8","Perrinton loam, Lake Michigan Lobe, 2 to 6 percent slopes"
2393965,"F096XA004MI","2w5m8","Perrinton loam, Lake Michigan Lobe, 2 to 6 percent slopes"
2393973,"F098XA008MI","2w5md","Onekama loam, Saginaw Lobe, 6 to 12 percent slopes"
2393973,"F094AA002MI","2w5md","Onekama loam, Saginaw Lobe, 6 to 12 percent slopes"
2393987,"F094AA013MI","2w5mg","Carlisle muck, 0 to 2 percent slopes, cool"
2393987,"F096XA014MI","2w5mg","Carlisle muck, 0 to 2 percent slopes, cool"
2495642,"F096XA006MI","2w5mr","Kaleva sand, 6 to 12 percent slopes"
2495642,"F094AA005MI","2w5mr","Kaleva sand, 6 to 12 percent slopes"
2528246,"F098XA006MI","2rfgz","Adrian muck, 0 to 1 percent slopes"
2528246,"F096XB027MI","2rfgz","Adrian muck, 0 to 1 percent slopes"
2396843,"F098XA013MI","2w63t","Coloma sand, 0 to 6 percent slopes"
2396843,"F096XB020MI","2w63t","Coloma sand, 0 to 6 percent slopes"
2396843,"F094AA006MI","2w63t","Coloma sand, 0 to 6 percent slopes"
2396870,"F096XB020MI","2w63z","Coloma sand, 6 to 12 percent slopes"
2396870,"F098XA013MI","2w63z","Coloma sand, 6 to 12 percent slopes"
2396870,"F094AA006MI","2w63z","Coloma sand, 6 to 12 percent slopes"
2396878,"F098XA013MI","2w641","Coloma sand, 6 to 18 percent slopes"
2396878,"F094AA006MI","2w641","Coloma sand, 6 to 18 percent slopes"
2396878,"F096XB020MI","2w641","Coloma sand, 6 to 18 percent slopes"
2396882,"F094AA006MI","2w642","Coloma sand, 18 to 35 percent slopes"
2396882,"F096XA007MI","2w642","Coloma sand, 18 to 35 percent slopes"
2396882,"F098XA021MI","2w642","Coloma sand, 18 to 35 percent slopes"
2396931,"F094AA006MI","2w64d","Grattan sand, 0 to 6 percent slopes"
2396931,"F096XB019MI","2w64d","Grattan sand, 0 to 6 percent slopes"
2396954,"F094AA006MI","2w64h","Grattan sand, 6 to 12 percent slopes"
2396954,"F096XB019MI","2w64h","Grattan sand, 6 to 12 percent slopes"
2396961,"F096XA007MI","2w64j","Grattan sand, 12 to 18 percent slopes"
2396961,"F094AA006MI","2w64j","Grattan sand, 12 to 18 percent slopes"
2396966,"F096XB019MI","2w64k","Grattan sand, 18 to 35 percent slopes"
2396966,"F094AA006MI","2w64k","Grattan sand, 18 to 35 percent slopes"
2397015,"F094AA012MI","2w64p","Houghton muck, ponded, 0 to 1 percent slopes"
2397015,"F098XA004MI","2w64p","Houghton muck, ponded, 0 to 1 percent slopes"
2432891,"F099XY005MI","2whvz","Londo-Selfridge complex, 0 to 5 percent slopes"
2432891,"F094AB022MI","2whvz","Londo-Selfridge complex, 0 to 5 percent slopes"
2432892,"F099XY007MI","2whvz","Londo-Selfridge complex, 0 to 5 percent slopes"
2432892,"F094AB016MI","2whvz","Londo-Selfridge complex, 0 to 5 percent slopes"
2432898,"F094AB020MI","2whw1","Croswell sand, 0 to 6 percent slopes"
2432898,"F096XB021MI","2whw1","Croswell sand, 0 to 6 percent slopes"
2528434,"F096XB019MI","2x2sv","Spinks loamy fine sand, 0 to 6 percent slopes"
2528434,"F097XA004MI","2x2sv","Spinks loamy fine sand, 0 to 6 percent slopes"
2528454,"F098XA011MI","2x2sy","Marlette sandy loam, 2 to 6 percent slopes"
2528454,"F094AA003MI","2x2sy","Marlette sandy loam, 2 to 6 percent slopes"
2528460,"F094AA003MI","2x2sz","Filer sandy loam, 6 to 12 percent slopes"
2528460,"F098XA011MI","2x2sz","Filer sandy loam, 6 to 12 percent slopes"
2593735,"F096XA007MI","2y14j","Montcalm-Kalkaska loamy sands, 18 to 35 percent slopes"
2593735,"F094AA006MI","2y14j","Montcalm-Kalkaska loamy sands, 18 to 35 percent slopes"
2593736,"F094AA005MI","2y14j","Montcalm-Kalkaska loamy sands, 18 to 35 percent slopes"
2593736,"F096XA006MI","2y14j","Montcalm-Kalkaska loamy sands, 18 to 35 percent slopes"
